seed,gap_10
0,0.01198341461424
1,-0.0032130372443979
2,0.037372884963625
3,-0.0142642796805346
4,-0.0097685782595995
5,-0.0288927997113321
6,-0.0367405917009463
7,0.0191113053287342
8,-0.0236656104906983
9,-0.0128831453570881
10,-0.0007604887705971
11,-0.0132018346660824
12,-0.0117797558508127
13,-0.0011604037204251
14,0.0297789656613037
15,-0.003838417636069
16,-0.0101392690367357
17,-0.0175035789843829
18,0.0112402277321637
19,0.0211843238088095
20,0.0089908509703221
21,-0.0054378131078705
22,-0.0055589320548455
23,0.0314918190993541
24,-0.0003735572166675
25,0.0341634272261157
26,0.012649397347237
27,-0.0261840210490154
28,0.0111774899878814
29,0.0001437080714287
30,0.0213845108152443
31,-0.000792023656209
32,0.0064407774801309
33,0.0280726871691283
34,-0.0117894873186278
35,0.0105816593314311
36,0.0006781997885265
37,-0.001692205211905
38,0.0287347367299957
39,0.0137684213499728
40,-0.0135848423934658
41,0.0145876282657463
42,-0.0053734210569617
43,0.0181837728227355
44,0.0292311696384276
45,0.005083790998928
46,-0.0266676210728988
47,-0.0193412749397435
48,0.0229281424943467
49,0.0112264606984969
50,-0.0113059031880038
51,-0.0228779307354495
52,0.0417565234511637
53,-0.0001794778233561
54,-0.0053603824940345
55,0.0187207015719269
56,-0.0026223824255311
57,-0.0023978215953933
58,-0.012825548357148
59,-0.0391936693273615
60,-0.0042235255080783
61,-0.028042103762537
62,-0.0049963654010127
63,0.0079625018575996
64,0.0106449921900531
65,0.0084157118273665
66,0.0057701746285079
67,-0.0111732242905469
68,-0.0246695225444404
69,-0.0066348084415995
70,-0.0060851710641905
71,-0.0092731495368059
72,-0.0147538622353124
73,-0.0084430611270796
74,0.0157858483787081
75,0.0020348288560084
76,0.0021362318809439
77,-0.0386290601494137
78,-0.0559920774117749
79,0.0148994250886271
80,0.0133252374183968
81,0.0161633206618272
82,-0.0257665798309012
83,0.0076589885224552
84,0.0135111088667055
85,-0.0019003758367063
86,0.0024373817951507
87,0.0025812565377582
88,-0.07537309725643
89,0.0062239528153593
90,-0.0363754412494812
91,0.0138917187097944
92,-0.0142504329103511
93,-0.0042651005225292
94,0.0057572933726763
95,-0.0097146489486085
96,0.0140238185840958
97,-0.0073156741435686
98,0.0076547098851089
99,-0.0336575591526591
100,0.0014306792905724
101,0.0012130283979733
102,0.0203039906037729
103,0.0229478214964232
104,0.0106810688907167
105,0.0044519057376804
106,-0.0031707275731867
107,0.004468623149784
108,-0.0084592462178466
109,0.0482763860938885
110,-5.508440100626677e-05
111,-0.0177227036604171
112,0.0123042405094439
113,0.0052541027821822
114,0.0322421651034691
115,0.0156447622323544
116,-0.0120998247107159
117,0.0035571376721104
118,0.025414678731216
119,-0.0097895640737
120,0.0004983852588716
121,-0.000231724683813
122,-0.0193790744607331
123,-0.011840352673439
124,0.0062155474846192
125,0.0174086368001354
126,-0.0079468977482633
127,0.0038073902613077
128,0.0046075971231033
129,0.0137165596726037
130,0.028013802523468
131,0.021397367981774
132,0.0029190376775915
133,-0.0250032961026687
134,-0.000807084649166
135,-0.0100040356084886
136,0.0060172192702231
137,-0.0112242278457933
138,-0.0015698007416715
139,-0.0116373907391301
140,0.0384101718874423
141,-0.0116303544682568
142,0.010265966442009
143,-0.0064820180930821
144,-0.0122300234764837
145,0.014673033418487
146,0.0135853564092064
147,0.0240328773055022
148,-0.0473055624343455
149,0.0292098973579971
150,0.0552095482872577
151,0.016535475367053
152,0.0025892072599083
153,0.0384139831127735
154,0.0151744671907871
155,-0.0029458543464913
156,0.0127970569490609
157,-0.0004361443206338
158,-0.0076197145701498
159,0.0244150121474838
160,0.0044741809308414
161,0.0049484109119515
162,0.0001420325758735
163,0.0377169569047576
164,-0.0012008028169814
165,-0.0140047123754595
166,0.0040049256638078
167,0.0003566518758563
168,0.0035055131235343
169,0.0105639155288951
170,-0.0025246099175317
171,-0.0041807372640281
172,0.0562816575257833
173,0.0113797624613728
174,-0.0068434545592351
175,0.0173817503793027
176,-0.0164791449191448
177,0.0105667058021527
178,0.0211310450671469
179,0.0159936834122333
180,0.0048487598505404
181,0.0239570791712861
182,0.0052621473920527
183,0.0207146539323438
184,0.0182632973238597
185,-0.0345290148650418
186,0.0115938682773217
187,-0.0104424429787813
188,0.0092483102196919
189,-0.0116612413160002
190,-0.0296111886858855
191,0.028304158579356
192,-0.0168113780485339
193,-0.0057226555698945
194,0.0020052904681874
195,-0.0284415046277434
196,-0.0186989572652352
197,-0.0045533394001672
198,0.0149120001098944
199,-0.0007833249360735
200,0.0017242378467087
201,-0.0206095029098234
202,0.0275775366458274
203,-0.0010208918693138
204,0.0145259345388449
205,0.0199408766258463
206,-0.0060872799974612
207,-0.0085759291451378
208,-0.0123320036975775
209,-0.0155540261012131
210,-0.0045957088325324
211,0.003465123713615
212,0.0128736687513912
213,-0.0124264612272474
214,-0.0038873339026058
215,0.0169435283819419
216,0.012195864565065
217,0.0095592577650091
218,0.0217729080097733
219,-0.0042743817373431
220,0.0146866253386117
221,-0.0214334226382684
222,0.0184930965818226
223,0.0090873621577391
224,0.0094536779158083
225,0.0227350166593715
226,0.0007590593801247
227,0.0119171507548361
228,0.0106002374612756
229,-0.0039538509213181
230,0.002583730268399
231,-0.0073925439985838
232,0.0138999478259821
233,-0.0092918907023459
234,0.0053341307290089
235,0.0039777616374848
236,0.0405411721249319
237,-0.0184384133807767
238,0.0076790699437777
239,0.0106357552984821
240,0.0096524626381997
241,0.0099575371672605
242,-0.0181725673201322
243,-0.0280426929330175
244,0.0243857626138467
245,0.0187752125431545
246,0.0065387262083737
247,-0.0125945614075195
248,-0.0162345206479256
249,0.0054581978305247
250,0.0026776448586344
251,-0.0124047240862372
252,0.0015150128374365
253,-0.0171787602051327
254,0.0190214240493416
255,-0.0173455846100943
256,-0.0038108576208714
257,0.0176302893221827
258,0.0048242910868964
259,-0.0243041595423011
260,0.0133964554267846
261,0.0101234109413695
262,-0.0130003248448732
263,0.006693961114846
264,0.0298152381323721
265,-0.0203232670960643
266,0.0141801083183457
267,0.0255619313877987
268,-0.002913548990984
269,-0.0089703364383589
270,0.0105276230030605
271,-0.0192348385497936
272,-0.0056919660582072
273,0.0011712088953333
274,-0.0117935161296701
275,0.0084089831473307
276,-0.001038565537414
277,-0.071657128772494
278,4.903676487616471e-05
279,-0.0086005067200202
280,-0.0086538638409235
281,0.0053976162844912
282,-0.0036007244621943
283,0.0055970531545386
284,0.0413082991236202
285,-0.01441652879147
286,-0.0175287548629778
287,-0.0037026216003875
288,-0.0004644446431603
289,0.0067866105842433
290,-0.0039147287906594
291,0.0108966089076507
292,0.0038639954098512
293,-0.0001285299137973
294,-0.0037718172589541
295,-0.0024250741714244
296,0.0064555878303139
297,-0.010758600501694
298,-0.0219391496549707
299,0.0008576320383716
300,-0.0102413300371941
301,-0.0021246170590936
302,-0.0033390777404855
303,0.0082354063567176
304,0.02588367436846
305,-0.0531671039358169
306,0.0062451416537704
307,-0.0026057140562654
308,0.0094271494820762
309,-0.0044085596557443
310,-0.0345317963832045
311,0.0625078381933694
312,0.0159225656772521
313,0.0221215116784941
314,-0.0017426045148638
315,-0.0184692862871547
316,0.0269079993268762
317,-0.0099705238440175
318,0.0248527920950956
319,0.0169324734664799
320,0.0082962878568252
321,0.0198879893809122
322,0.0173864119286578
323,-0.0132428578012987
324,-0.0181267284189418
325,0.0040804586966012
326,0.0155262966558699
327,0.009326604935734
328,0.0359777845791269
329,0.0196978660113698
330,-0.0116216922636974
331,-0.0073066427303434
332,0.0103995275812667
333,0.0071994663547483
334,-0.0131971820254075
335,-0.0306414609817253
336,0.0596821380517844
337,-0.0096030012400508
338,-0.0023024169267221
339,0.0021490420365025
340,-0.0101130368062795
341,-0.0244770635490425
342,-0.0014568705085132
343,-0.0432470010839692
344,-0.021207575829082
345,0.0066924078269786
346,-0.0210159472142002
347,0.000151499417851
348,-0.0215196342812218
349,0.0041679775120209
350,-0.0308821043323551
351,0.0032669348081919
352,-0.0084347166726335
353,0.0088648314573606
354,-0.0001626683667346
355,0.0164176665439547
356,-0.0188347950901539
357,0.0178571332127185
358,0.0228177939648949
359,0.0133526995148839
360,-0.0243219011461114
361,0.002644353129406
362,-0.0062158492989765
363,0.0089053858762687
364,0.0141125197459613
365,0.0003816014329253
366,0.020225207221221
367,-0.0115086667196014
368,-0.069343577828051
369,0.0210928327395812
370,-0.0016351445514359
371,-0.0195529749570617
372,-0.0035103184093174
373,-0.0074296096641799
374,-0.0217819146411784
375,0.0104281642056329
376,0.0015353000596289
377,0.0141393529376184
378,-0.0097142258646118
379,-0.0072454111712377
380,-0.0218246046303084
381,0.0246361985225019
382,0.0093737739787145
383,0.0150340425605636
384,0.0215991268476805
385,-0.0028694837505707
386,0.0086549024675716
387,0.0015107712672042
388,-0.0250660958129517
389,-0.002693975881097
390,-0.0205878035577571
391,0.0047618381962523
392,-0.0087093156364899
393,-0.0176589905561422
394,0.0317791696791373
395,-0.0175577659422489
396,0.0155967861394682
397,-0.0089231769675724
398,0.0145667828554003
399,0.0074193791315264
400,0.0143909520693309
401,0.0072756533528464
402,-0.0123773431715761
403,0.0187633133586735
404,0.0077052474638462
405,-0.0087688171160676
406,-0.0155077173951514
407,0.0090726625000712
408,-0.0212208441773646
409,-0.0086381299903595
410,-0.0036288334871815
411,0.0434767629662194
412,0.0239056992735908
413,0.0271795031008056
414,0.0147952292578207
415,-0.0243094851077464
416,-0.017961942411341
417,0.006501849740122
418,-0.002055018431877
419,0.004316474381302
420,0.024699335862643
421,0.0161376818969056
422,0.0173411732218378
423,0.0117972128083307
424,-0.0016902796078827
425,-0.0024982067755219
426,-0.0032115196577895
427,0.0253648761305764
428,0.0035597986022263
429,-0.0182015169629171
430,0.008996208096029
431,-0.003478220492898
432,-0.0100651566833392
433,0.0157963201056464
434,0.0171553005966151
435,0.0220284458511999
436,0.0008496957887805
437,-0.0217543275089202
438,-0.004012314047227
439,0.0026189987192339
440,0.0165520556032291
441,-0.0321414016742415
442,0.0024127802613284
443,-0.0170722526847281
444,0.0492004950678027
445,-0.0098402043236023
446,0.0253202508724503
447,0.0209800222911604
448,-0.0215582730694946
449,-0.0003845795252424
450,-0.0007960900135922
451,0.0276070609557326
452,-0.0165538606153043
453,0.0136072038280343
454,0.0385835386421087
455,0.0153853541880665
456,0.0010409342343678
457,0.0139097771087589
458,0.0109930970105899
459,0.008046389318831
460,0.0060876871126014
461,-0.0042091257509184
462,0.0005360925335294
463,-0.0214155967265742
464,0.0149362548907304
465,-0.0161227145528205
466,-0.0287754650928408
467,-0.0024061668235451
468,0.009679792069943
469,-0.0039955641619051
470,0.0130660832640513
471,0.0098963488737338
472,0.0201712936737292
473,0.0017722119220528
474,0.0183452861139238
475,0.0120281965925787
476,0.0069038847657911
477,-0.0108092599991447
478,0.0392270410956066
479,-0.0264441749394522
480,-0.0016590165612376
481,-0.0079915768561497
482,0.0031555026031959
483,-0.0089326032312384
484,-0.0353841862618784
485,0.0126209876359554
486,-0.0110391784280042
487,-0.0009690765874574
488,-0.0215432402549759
489,-0.0017273969311152
490,0.0090675835889676
491,0.0229292476438839
492,-0.0087014301268758
493,0.0122917367606829
494,0.0067185333415773
495,0.0215476120131373
496,-0.005813719285268
497,0.0366728363298405
498,0.0018882822154913
499,0.0099082603519272
500,0.0253621371779436
501,0.0035192075276888
502,-0.0071614637897176
503,0.0020191553709721
504,0.0129959035347371
505,0.0258819488535418
506,-0.0143532855640846
507,0.0042744821152247
508,-0.0474319279691328
509,-0.0130661638094357
510,0.0262488654795427
511,0.0442369406587751
512,0.0193257315358054
513,0.0388896068187103
514,-0.017971491868617
515,0.0027411336490428
516,-0.0008644568263212
517,0.0113886171441554
518,0.0126940928875693
519,0.0144408156796358
520,-0.0054656449965467
521,0.0104531298823044
522,0.0189662488449454
523,-0.0084205813266375
524,-0.0313025698007239
525,0.0085638644462599
526,-0.0023656516244217
527,0.0183028034361208
528,-0.0113027565713419
529,-0.0119869080189415
530,-0.0026404345065514
531,0.0097407634555425
532,-0.0146513141574008
533,-0.0146091528960397
534,-0.0520352198874093
535,-0.0128745075798161
536,0.0046607414243128
537,-0.0050261137759302
538,0.0089809241641403
539,0.0129515013065419
540,-0.0372310691986825
541,0.017922220158485
542,-0.015638165827032
543,0.0028803173514431
544,0.0236111293410954
545,-0.0369837750497479
546,-0.0175140654629577
547,-0.0006396283859592
548,-0.0223954568957458
549,-0.0126202484631541
550,0.0150835095706031
551,-0.0271718272366743
552,-0.0357444700967039
553,0.001296067271082
554,0.0219180938396479
555,0.0060364970419207
556,-0.0042009213403679
557,-0.0514158414164112
558,0.023160927845016
559,-0.0001576972437044
560,-0.018369781464852
561,0.0088987623687024
562,-0.0009537771577164
563,0.0461500947060231
564,0.0245117260517747
565,0.0100973005078559
566,-0.0186501656395693
567,-0.0106229483833193
568,0.0228626612003713
569,-0.0142854919118375
570,0.0007911929693316
571,-0.0074017935317058
572,0.02563474766561
573,0.0314653493781969
574,0.0229324946773005
575,0.0103018680169901
576,-0.0168795861052815
577,0.0096838453106112
578,-0.0011577936968975
579,-0.0117513931260747
580,-0.0004732531110733
581,0.0054102244580895
582,0.0040219067360579
583,0.0128419948465776
584,-0.0172440768975503
585,0.0063790226807571
586,0.0079186688847015
587,-0.0055253944786524
588,0.0294565129058432
589,-0.01365956466616
590,0.019138779441739
591,0.0030545371582776
592,0.0112701031469774
593,0.0256570350055131
594,-0.0090626084386842
595,0.0195781501675788
596,0.0097021349745232
597,0.0315222697213387
598,0.0264755412177649
599,0.0028407162007421
600,0.0065060562379666
601,-0.0439756297945737
602,-0.0061114658289198
603,0.0022761386105465
604,0.0074901040121244
605,-0.0123654685613993
606,0.015082494032826
607,0.0241561783268375
608,0.0145605347767044
609,-0.0154847448044037
610,0.0093192901506444
611,0.0057200803491813
612,-0.0278364261073945
613,0.000502569349105
614,-0.0119773073497603
615,-0.01725714707162
616,0.01634512718925
617,-0.0002274958464811
618,-0.0124888650420649
619,0.0026155513251092
620,0.0076024235155508
621,0.02647068250106
622,-0.0150256466092789
623,-0.0007558483919429
624,-0.0013667382521683
625,0.0065889646867188
626,0.0344849985763325
627,0.0281524802492694
628,0.0098823059098334
629,-0.0069034163127154
630,0.0142862670514075
631,0.013159757553827
632,-0.0677190436015641
633,-0.0436765007213256
634,0.0016656151478733
635,0.0029502548911193
636,-0.0097443220040413
637,-0.0110462330770239
638,-0.0567685569416655
639,0.0164225232528053
640,0.0006178003732382
641,-0.0090276074025238
642,-0.0271304228002212
643,-0.0100681498714484
644,0.024652329847881
645,-0.0102790143892074
646,0.0143650310738068
647,0.0244973716483346
648,0.0343670224720898
649,0.0073194252900223
650,-0.011476950611702
651,-0.0020904500317407
652,0.0215226538883167
653,-0.0121574144291133
654,-0.0234298035892239
655,-0.0094937380901545
656,-0.0321810099330633
657,0.0228087108416255
658,0.0229736097863516
659,-0.0056947299212428
660,-0.000383012370189
661,-0.0256585838928904
662,-0.0014113201336716
663,0.0203280517777419
664,-0.0176576353108459
665,0.01146669514254
666,0.0038574993193086
667,-0.0186558151557774
668,-0.0078014619163028
669,0.0014722319491912
670,-0.0266634187345016
671,-0.0193854349019682
672,0.0244666680905306
673,-0.0427105029374528
674,-0.0012547349597899
675,0.0269026295161319
676,0.0095782108127852
677,0.0415249091966586
678,0.0331089601202348
679,-0.0133961790817821
680,0.0036235141412271
681,0.0139607991124437
682,-0.0045712611710375
683,0.0012839250858359
684,0.0112554508912188
685,0.0277622669793428
686,-0.0306263890899741
687,-0.0016606365817581
688,-0.0111879503080422
689,0.0137873860459841
690,0.0294650916956645
691,0.0030078535939613
692,0.0419555662530905
693,0.0180772242558251
694,0.0127877749075014
695,-0.000244152676037
696,0.0109725951404853
697,0.0210718867516338
698,0.011077536109962
699,6.378335832024629e-05
700,-0.0176213451684943
701,0.0096973412072809
702,-0.0012952749172132
703,-0.0210949610305977
704,-0.0286889854301446
705,-0.0161026856768824
706,-0.052857193699383
707,-0.0141317308251036
708,0.0014258917761539
709,-0.0051768019503111
710,0.0021322672603362
711,0.0180400253232641
712,-0.0189532356602439
713,-0.0128777161137984
714,0.0075457312065423
715,-0.0194212610360973
716,-0.026765147632479
717,-0.0052215387819981
718,0.0376419347153378
719,-0.0075077024337479
720,0.0304230901229698
721,-0.0197933461337115
722,-0.0250172462385975
723,0.0258758103544104
724,0.0018509141967328
725,-0.004986054848071
726,-0.0061872494732272
727,0.0029592341870646
728,-0.0335696317201835
729,-0.0019213872418869
730,0.0194874211404738
731,-0.0115514060948636
732,-0.0074744682314963
733,0.0176282307886988
734,0.0214452861230271
735,-0.0244403325365559
736,0.0090332863409504
737,0.0026267052424703
738,0.0011966062247222
739,-0.0078826749339327
740,0.0064147729640161
741,0.0080728539885891
742,0.0144851542599119
743,0.0208410259760049
744,0.0225343917638099
745,-0.0127442890945102
746,-0.017521822619369
747,0.001079973598132
748,0.0124977848131365
749,0.0108030852315006
750,0.0060393105810285
751,0.0200682261622334
752,0.0047151310550389
753,0.0305743320222738
754,-0.0121671937386856
755,0.0062231106947754
756,-0.0096701890634256
757,-0.008809089063485
758,0.0080248908502639
759,0.0140179002662026
760,0.0253237546543235
761,-0.0014467029240168
762,0.0158049551983615
763,-0.0163423329860149
764,-0.0114267765821802
765,0.0180182857756396
766,0.0333072185882598
767,-0.0237323242918885
768,-0.0017204702865304
769,0.0091922572503476
770,0.0189229173242084
771,-0.0124996886828812
772,-0.0418824150928844
773,-0.0223913548852008
774,-0.0128217980339604
775,0.0094796259525332
776,0.0061931086824419
777,-0.0088438067980756
778,0.0083186934263984
779,0.0010338157480434
780,-0.0075549566340201
781,-0.0110140215364931
782,-0.0175346323323229
783,-0.0093481046851626
784,0.0144963098679165
785,0.018492444539775
786,0.0047423221230933
787,-0.0099952484538007
788,0.0534801618303692
789,0.001623423538576
790,0.0222464299448282
791,0.0122472991215397
792,-0.0210461141733881
793,0.0166629036862878
794,0.0031570003952409
795,0.0128624602056193
796,-0.0084777917364419
797,0.0076463248971159
798,0.0023265552805768
799,0.0034355582259816
800,-0.0113146144085916
801,-0.0004272175295425
802,-0.0041399113364563
803,-0.0100398787725937
804,0.0277377253934366
805,0.0098725649549624
806,0.0025223673199504
807,-0.001340429463905
808,0.0237442330167285
809,0.0124879374430983
810,0.0269796645693645
811,0.0038678512116977
812,0.0343086170812786
813,0.0054181097172504
814,0.0225738111998996
815,0.0320051834904752
816,0.0216745070664449
817,0.0150332685697497
818,0.0132695060922246
819,0.0226375095715475
820,-0.0301254511682215
821,-0.0057752701548315
822,0.0288352207399559
823,-0.0320140953879635
824,0.0167214846056129
825,-0.0189410739331328
826,0.0014221049032397
827,-0.0075540147474599
828,0.0129913740297124
829,0.0034688787584456
830,0.0090245656797212
831,0.0041183004317841
832,0.0246118419148371
833,-0.006194893914855
834,-0.0070053214658537
835,0.0491352360407659
836,-0.0156909927565566
837,-0.0287789116972327
838,-0.0092844636608154
839,0.0121902209945639
840,-0.0289478847716123
841,-0.0101674144203274
842,-0.0348275209280977
843,-0.0347915429540139
844,0.0131792288337335
845,0.0101070728585613
846,0.0043905740549683
847,0.0078511743151388
848,-0.0185919960046025
849,-0.0184441254859051
850,-0.0100500309563217
851,0.0035472646912682
852,0.018366671726619
853,0.0164755914933295
854,0.0197728129316087
855,-0.0351568142150445
856,0.0064772484826302
857,0.0094131495701906
858,-0.0177080330819455
859,-0.0108707213416339
860,0.0167670588271331
861,-0.0021980210108485
862,-0.0204051072387
863,0.0151732413385392
864,-0.0209131904327047
865,-0.0094428603708346
866,0.0214093682759071
867,0.0040865306265797
868,0.0109729938582827
869,-0.0138243719939377
870,-0.0190015310395945
871,-0.0015788885987301
872,-0.0157726831404956
873,0.0151069146328841
874,-0.0138280933636462
875,0.0164800606600982
876,-0.0049255822885425
877,-0.0070203173698966
878,-0.0086276014595356
879,0.0366467021938724
880,0.0278452497622848
881,-0.0002066313747066
882,-0.0095940113119751
883,-0.0266675202343945
884,0.0095341851271
885,0.0139222944756272
886,-0.0004828669415395
887,-0.0087498105099365
888,0.0027150719016667
889,-0.0001085287241945
890,0.0057218829883842
891,0.0220068941940372
892,0.0036842655925464
893,-0.0070197372595106
894,0.0007218612638633
895,-0.032674780686625
896,0.0217820485533902
897,-0.0152282685327791
898,-0.0074229139856819
899,-0.0026599934302982
900,0.0123561691003006
901,0.0133041809300633
902,-0.0210058908221891
903,-0.0129408456213089
904,-0.0089837395885238
905,0.0510348130116611
906,-0.015673184123998
907,0.003064103103524
908,-0.0303219262881687
909,0.0080245380230264
910,0.0119478389462182
911,-0.0161815654640591
912,-0.007208858149823
913,0.0233095830908396
914,0.0104835153121937
915,-0.0146360430611903
916,-0.0071398567863593
917,0.0048278506855889
918,-0.0009171321907127
919,0.0034306434598375
920,0.0093721843429858
921,0.0025639353194727
922,0.0162153552529268
923,0.0021331576642529
924,-0.0181019041119375
925,0.0096299120887436
926,0.0217341543783344
927,0.0132287208530145
928,-0.0349421974798583
929,0.0152684008628205
930,0.0004191492491882
931,-0.0229406822508871
932,-0.0088526965884105
933,-0.0178498027883725
934,-0.0150666732831194
935,0.0301771234000455
936,0.0093722470399858
937,-0.0199710966021242
938,-0.0007994725452656
939,0.0224105377656066
940,2.2137885146766845e-05
941,0.0188354695547825
942,0.0083640473821104
943,0.0118161770945259
944,-0.0013608955799717
945,0.0182463313904843
946,0.0091942025000904
947,0.0170579447952163
948,-0.0018875172366006
949,0.0208278617166867
950,-0.0083392985471231
951,0.0162425833332243
952,0.0094511508124406
953,-0.0016657858083911
954,-0.034470848156393
955,-0.0381694886207042
956,0.0242282024524391
957,0.0300083522567856
958,0.0128214234465358
959,0.014465775884328
960,-0.0255320695292206
961,0.0618095544385811
962,0.0164743648065022
963,-0.0098852286668432
964,-0.0214033811228115
965,0.0032759400461107
966,-0.0043192474584901
967,0.0033951367519567
968,-0.0263632666282643
969,-0.0123914439851003
970,-0.0357433074127766
971,0.0044448133381743
972,0.0130336492096651
973,-0.0034478544717816
974,0.0168569598715277
975,-0.0185855349134246
976,0.0289586762898016
977,0.0089311542858796
978,0.0100859846484525
979,0.0083186343943424
980,0.0207842564011425
981,0.0192129497588486
982,0.0111332277163549
983,-0.0177284155942737
984,0.0187535304180409
985,0.0227663798674728
986,-0.0092875367796366
987,0.0004317461207828
988,-0.0119938873685205
989,0.0392234206462551
990,0.00972535342878
991,0.0358841931275844
992,-0.0118740384625928
993,-0.039865940513881
994,0.0178534349989312
995,-0.0096459943574822
996,0.0367578983098113
997,0.0162093666852287
998,0.0018049018789771
999,-0.0195783407961411
1000,0.006879919270902923
1001,0.028095302675061773
1002,0.019818423269338914
1003,-0.008821782357175678
1004,-0.009186212879280398
1005,0.004603773425713387
1006,0.0038354609113464555
1007,-0.01742802072526206
1008,0.03279447379363071
1009,0.028255285073874203
1010,0.0025852586549988676
1011,-0.02385888317083168
1012,-0.0066846333190327956
1013,0.009396652207181944
1014,-0.002055683198308178
1015,-0.009046850027930098
1016,-0.010288803847920691
1017,0.00949947441590554
1018,0.005233718668065046
1019,0.0073638641331412735
1020,0.02424593439233952
1021,0.002425415194955205
1022,0.0019432425622242788
1023,-0.00921089911702283
1024,0.011203347382594542
1025,-0.022184176844278536
1026,0.022424974898502592
1027,-0.024332795764576698
1028,0.020558156633205815
1029,0.019310088578612272
1030,-0.007545753418990386
1031,0.0030587702811860074
1032,0.0149645004939577
1033,-0.043559408921654996
1034,0.03276365568693168
1035,0.04874814973211761
1036,-0.018487197054724125
1037,0.0006570401846255347
1038,0.0102635951385186
1039,-0.004544942821354203
1040,-0.0017393582149593523
1041,0.014959274123494903
1042,0.018974111247829106
1043,-0.0022794664593022707
1044,-0.0017355839989606214
1045,0.001625237822944936
1046,0.016113666676760285
1047,-0.004739350624148708
1048,-0.009537824522906024
1049,-0.015143388322556961
1050,0.024594367335070366
1051,-0.0019197995456753936
1052,0.015220918624404278
1053,0.00810167567404041
1054,0.03461452419714134
1055,0.011045807344343406
1056,0.008920773956865191
1057,-0.0026703783461243247
1058,-0.042114440659459795
1059,-0.00423970929786438
1060,-0.0012960054001932564
1061,-0.000417534812044984
1062,0.001369948558630707
1063,0.010570525055910884
1064,0.01067184564410889
1065,-0.019281281310004506
1066,-0.016597052064967366
1067,-0.018763196925058734
1068,0.014461616935085408
1069,-0.0034683031451308577
1070,0.044563364215179924
1071,0.017822111329589996
1072,-0.014028126670367624
1073,0.0015058282473213724
1074,-0.00876359529254861
1075,0.021331460533865476
1076,-0.011733361723544
1077,0.010176647764662816
1078,6.776910995209828e-05
1079,-0.002640989847972397
1080,0.012355178405846434
1081,0.001241126439690321
1082,-0.0005150111404937929
1083,0.006340521247409858
1084,0.014225876728408415
1085,0.032156252608213365
1086,0.019895042276794728
1087,0.009449759159718352
1088,-0.0019110715791566535
1089,0.018942813087976518
1090,0.023888591753583488
1091,0.02565083069762958
1092,-0.0007994398841487671
1093,-0.003970607019218919
1094,0.0029766363137525564
1095,0.005488776239905679
1096,0.056642042698216044
1097,0.0038586111098303233
1098,0.014177087362798602
1099,-0.011982514973368497
1100,-0.015973995890659343
1101,0.007592345761291586
1102,-0.01462203861872019
1103,-0.022552747527683714
1104,0.02594323522345815
1105,-0.029978065522684505
1106,0.00394702081952969
1107,-0.010369399213372876
1108,-0.0027374833360634954
1109,-0.0069813688833574306
1110,0.006816286004330763
1111,-0.007887698565929968
1112,0.018769974428368363
1113,-0.024700200378978354
1114,-0.0033384054011060815
1115,0.003128924338299033
1116,0.006136399208471421
1117,-0.022366568756921612
1118,0.021056969714904616
1119,0.03155353500353042
1120,0.028993193526972938
1121,-0.011910853787200637
1122,0.01015814771712037
1123,-0.01944475946842328
1124,0.012571522906235366
1125,0.009663728026117702
1126,0.008653454663146931
1127,0.008039048230565726
1128,-0.013213582506696686
1129,-0.012013739033233606
1130,0.011969518253035605
1131,0.011898730005126312
1132,-0.007199905409852436
1133,-0.004138385375546116
1134,0.016481894468455716
1135,-0.03957321273030934
1136,0.011930509642970932
1137,-0.013076429787792054
1138,-0.007432102120732975
1139,-0.003520252478400654
1140,0.015506057998739997
1141,-0.006480024358302416
1142,0.003985393789069203
1143,-0.037147788200665
1144,0.0020193747425631403
1145,0.01922203770567088
1146,0.0027569967638675363
1147,-0.004183100115787097
1148,0.003406905146110639
1149,0.0018271756254101823
1150,0.014859474894265368
1151,0.016356981486005617
1152,-0.001460131895257788
1153,-0.028854859381554243
1154,0.005331047870700711
1155,-0.0011293242728433461
1156,0.01681904078379104
1157,-0.0006586953919002214
1158,-0.003910491602318766
1159,0.009921508832895998
1160,-0.014683421213061543
1161,-0.021296219112298453
1162,-0.010763945207376724
1163,0.0010839785666152957
1164,0.014675052306029335
1165,0.049135199951892194
1166,-0.01772023818059376
1167,-0.011136733944432708
1168,0.013799789474856217
1169,-0.003955859155261865
1170,-0.02944113925357783
1171,0.0029485207649180833
1172,0.018958596296929198
1173,-0.009127591293563164
1174,-0.009150228716048425
1175,-0.027367608660141207
1176,0.0014847838611262154
1177,0.02642650299860605
1178,-0.026192677106735618
1179,-9.922934047168486e-06
1180,0.028660503144452343
1181,0.026362470555297224
1182,-0.000712332349441791
1183,-0.009086239232017845
1184,0.0015606876137250758
1185,-0.014204607755040455
1186,0.011439683678287127
1187,0.007445877747952245
1188,-0.041669185033000766
1189,-0.018018934526134678
1190,-0.01514839139155183
1191,-0.002280064448458685
1192,-0.006167590996672356
1193,0.038605180785799
1194,-0.019749006413592174
1195,0.028470245287323726
1196,-0.029541977961537735
1197,0.031115694483297485
1198,0.015988514044171898
1199,0.028005534454250636
1200,-0.0017744265729174868
1201,-0.018977584473916786
1202,-0.008332238717495999
1203,-0.0020752680260822665
1204,-0.012943385845971822
1205,0.00528166387982465
1206,-0.028134823834242983
1207,0.01463315100935103
1208,-0.0019729810213208743
1209,0.029065493728950897
1210,-0.001726205539774095
1211,0.0017728549232252089
1212,0.015501629663612793
1213,0.012396804532724792
1214,-0.03452700525347352
1215,-0.014313087002080782
1216,0.008661710279644907
1217,0.01577979792336931
1218,-0.05322028969223619
1219,0.016346610950136564
1220,-0.0016769360090220786
1221,-0.01232724237209537
1222,0.013808639780947263
1223,0.0023422127092856404
1224,0.004033486835663458
1225,0.00361090721267443
1226,-0.006976872719900273
1227,0.00684634749103552
1228,0.015670237919531815
1229,0.030139991981712577
1230,0.022832641858471614
1231,-0.03426952091109836
1232,-0.03028908186561574
1233,0.022343449100302448
1234,0.015793848434652757
1235,-0.010209439041417412
1236,-0.0015567438230788544
1237,-0.006653371909668138
1238,0.03200967560580553
1239,0.0020463865120516345
1240,0.025238749202354194
1241,0.008463258827894504
1242,0.02659921374392582
1243,-0.018604051080272743
1244,-0.008684392109956862
1245,0.019143895027136537
1246,-0.01690560459534657
1247,0.03410651991520319
1248,-0.018472612470378735
1249,0.012490777590954738
1250,0.024054913196365713
1251,-0.02433206846413649
1252,-0.0036516569874166516
1253,0.008597287985746993
1254,0.008794526222952681
1255,0.031297411361319805
1256,0.04567938640486685
1257,0.0006848723288468417
1258,0.010824346205371427
1259,-0.012287434121492302
1260,0.03099615241961967
1261,0.02646230110561476
1262,-0.0009887684382055006
1263,0.012469358869650615
1264,-0.0035195102378990373
1265,-0.004910166748628764
1266,-0.004896385625113131
1267,-0.02167573148975893
1268,0.01161445005315409
1269,0.02430638980617511
1270,-0.023166872005736694
1271,0.005093395508908083
1272,0.028241544098298987
1273,-0.015372510450052501
1274,0.009505284514832346
1275,-0.002865853397230278
1276,0.02411475227790494
1277,-0.01087252763448765
1278,0.013175046219207676
1279,0.04084053812368443
1280,-0.028959985764255125
1281,-0.001143098673098475
1282,0.021259897690592555
1283,-0.0005677792521240899
1284,0.019591939595128338
1285,0.007138847117374503
1286,0.007496910504319221
1287,0.009004806874285787
1288,0.011607107681714135
1289,0.04970779267783609
1290,0.0025291052291530614
1291,0.0304795917918681
1292,0.007475748984753783
1293,0.00034698858588028125
1294,-0.01715666557638912
1295,0.009807025857351936
1296,0.030176647790628286
1297,0.004193612229908439
1298,-0.0020481872209903162
1299,0.009776117596788036
1300,0.001446660096584007
1301,-0.019230731226971776
1302,-0.0009103831718473843
1303,-0.03610949572954869
1304,-0.00866602811449807
1305,-0.01741772036777739
1306,0.013701263225246563
1307,0.018100202587833125
1308,-0.0033974351852063545
1309,-0.006971834817912526
1310,-0.009989009915910063
1311,0.02135410495564627
1312,-0.04051195597133117
1313,0.0179475392628356
1314,-0.019120093506136526
1315,-0.009106677966417398
1316,0.014697075756983813
1317,0.022569311073439124
1318,0.007524466613462788
1319,-0.00710406353440024
1320,0.026818320598758216
1321,-0.04459670482848077
1322,-0.0001527012597279387
1323,0.005290239193047885
1324,0.01956874243156187
1325,0.0032356476877152818
1326,-0.020786240633721087
1327,-0.011605288768838706
1328,-0.009947532503662149
1329,0.011275150762606045
1330,0.013360959138744355
1331,-0.014717862066600362
1332,-0.03269685275365236
1333,0.0039393220880096225
1334,0.06320914440705866
1335,0.021271930197015232
1336,0.012465529971088962
1337,0.022528057509027366
1338,0.018755054297695195
1339,0.015162870218854096
1340,0.013981605191561663
1341,0.014251910139121693
1342,0.03718673657405974
1343,0.010647302669729297
1344,0.007225513753081614
1345,-0.0018905054563684298
1346,0.00964565718296334
1347,0.03347397509180655
1348,0.007162895112072798
1349,0.0016134016498443038
1350,-0.014178421464948576
1351,-0.008079899497788257
1352,0.010761314017168733
1353,-0.008626152299671175
1354,0.001945946126052811
1355,0.01833859423499179
1356,-0.00282972899821321
1357,-0.001392710322475621
1358,0.009224186184752736
1359,-0.012030689796838079
1360,-0.00021339006612330902
1361,0.010289486178612195
1362,0.03072102469727278
1363,-0.02463647178909062
1364,-0.012749923341185854
1365,-0.006421025691219828
1366,0.010136291897961336
1367,-0.004139200289565048
1368,0.0021597983386277275
1369,0.03895228792774552
1370,0.01603805305355477
1371,0.007167660383953223
1372,0.026405688767209945
1373,0.01329879428675751
1374,-0.014928874483499832
1375,-0.012258476826195297
1376,-0.015048637557848299
1377,-0.015849224613722845
1378,0.02063031845584934
1379,0.013129214590535287
1380,0.027494377285399274
1381,0.031055519656406072
1382,-0.0002474545476270906
1383,-0.011260412600948566
1384,0.012417646004117489
1385,0.0031963085759643683
1386,0.014329392338653102
1387,0.002261762302692316
1388,0.0007894254367053488
1389,0.00048067402908669177
1390,0.01384569172528638
1391,0.03105466686629449
1392,0.02797826754560745
1393,0.011016746665172383
1394,-0.04971235147857844
1395,-0.0005045319458159558
1396,0.019378506320148092
1397,0.042263803067427
1398,0.023403585504269908
1399,0.017916761652797153
1400,-0.043744196828939486
1401,0.02839395808868639
1402,-0.05175894862775032
1403,0.012350454018476342
1404,-0.01806916300581385
1405,0.03794663925423725
1406,-0.015908352191085995
1407,0.005743413509161244
1408,0.0034565862733925146
1409,-0.012059209798314374
1410,-0.025018471270472575
1411,0.011978573094762412
1412,-0.001440304052117647
1413,-0.022126749817164226
1414,-0.020228002868815986
1415,-0.008753995327194453
1416,-0.000631216019316927
1417,0.018932789700572994
1418,-0.02108143393852785
1419,0.010820910426191377
1420,0.012087791305931128
1421,-0.002077251482741238
1422,-0.0008872371130660972
1423,0.024088869926036205
1424,0.020093513855707068
1425,-0.014372771112709126
1426,0.04698727723456303
1427,0.02665092404950503
1428,0.022741987675502173
1429,0.0202525693114346
1430,0.006920885224163065
1431,0.007788246165655821
1432,0.024886409302810275
1433,0.014723575917427512
1434,0.022352045212413463
1435,0.01784384576302267
1436,-0.03230734975525135
1437,-0.03344463298915695
1438,0.021011584020526386
1439,-0.005322831391108507
1440,0.009804471283612781
1441,-0.008309602268762484
1442,-0.003127712445862074
1443,0.010300024162401
1444,0.014885029137061412
1445,-0.032566238427783945
1446,-0.009842569579502136
1447,-0.010789960691523492
1448,0.014660470107200452
1449,-0.03185387689686536
1450,0.031037715301202695
1451,0.021695456466421514
1452,-0.02225943726845736
1453,-0.00844476046186915
1454,0.01747196063387374
1455,-0.009537181857479704
1456,-0.027670632390605965
1457,0.015726101599038922
1458,0.008346332437352277
1459,-0.026631205283422055
1460,0.01089242857875844
1461,-0.027552398309466486
1462,0.046060748935482176
1463,0.039318499037439725
1464,0.030199474869423426
1465,-0.0018869348255599605
1466,0.023009439877591187
1467,0.040179633039731155
1468,-0.005541108003125572
1469,-0.04073318458233466
1470,0.00379126348726877
1471,-0.014358410339535499
1472,-0.009142976260741842
1473,-0.008726627707359491
1474,0.00030851936137626934
1475,0.046327371707233056
1476,-0.01856096258189005
1477,-0.00847880482429958
1478,0.0033493259774967643
1479,-0.02497075112858349
1480,-0.009861186771780939
1481,0.013560724463808127
1482,-0.019082350555824523
1483,0.04577849772452863
1484,-0.021894203616632357
1485,-0.004924233631581787
1486,0.024202870321706427
1487,0.006282607982667665
1488,-0.010522064686295685
1489,-0.00509692335091444
1490,0.010372501212647267
1491,0.011134366045224775
1492,0.023580845000882145
1493,0.00313221975266903
1494,-0.009900532280680663
1495,-0.004550074601780252
1496,-0.02731506795100941
1497,0.002518174246534499
1498,0.005258837445734688
1499,-0.0156818896431421
1500,0.024749178319094067
1501,0.005303756385540592
1502,0.03440374965943954
1503,0.04730102975720246
1504,-0.004207367748630897
1505,-7.355454463237043e-05
1506,0.02788350174294102
1507,0.002277921098329805
1508,-0.02571739673212803
1509,0.03406935316763271
1510,0.02652656579483076
1511,0.028548329700804398
1512,0.020714846957870736
1513,0.012037655565097782
1514,0.011479657991130487
1515,-0.005766255401304821
1516,-0.00625763512629518
1517,0.019332942361790173
1518,-0.004557813076800921
1519,0.005582896691855133
1520,0.04776183294841768
1521,-0.026720193764591782
1522,0.023801333640432243
1523,0.0018689532477265125
1524,0.0034190828452625444
1525,0.01023813457588546
1526,-0.031110684746558093
1527,-0.0013708742820528474
1528,-0.0028278487309259526
1529,-0.011977719579129742
1530,-0.015291386669476215
1531,0.007214700570551735
1532,0.005764153000272609
1533,0.003272641855652403
1534,-0.0002967576376673997
1535,0.0006035917947831426
1536,-0.02638975395938281
1537,-0.010990510471181658
1538,-0.02343221775461618
1539,0.03246396384885131
1540,-0.029513693966669585
1541,-0.013035199701344147
1542,0.028046006311239713
1543,0.020960296790574262
1544,-0.02049946555598403
1545,0.013758072263408805
1546,0.024014471650704805
1547,0.007499392873291988
1548,0.008091611175766955
1549,0.0003865685259215601
1550,0.06453373634104159
1551,0.006320943676262125
1552,-0.009359012995908134
1553,0.010894126831421769
1554,0.012435419790241431
1555,-0.0024514873144492744
1556,-0.013760589786883326
1557,0.020113047187374444
1558,-0.02278842472354453
1559,0.04394373747882768
1560,0.016197450807106495
1561,0.003521897517687611
1562,-0.008188605801674742
1563,0.003472800741217641
1564,0.01718429399626986
1565,0.02296552249552336
1566,-0.01264908700421774
1567,0.013233709694875972
1568,0.028286924762427834
1569,0.010756917373627772
1570,0.004042112463512049
1571,0.03502106213923495
1572,0.015970414210416284
1573,0.0012110356061352245
1574,0.03223108355890808
1575,0.021426980860753786
1576,-0.03768093390838495
1577,0.031672044235639185
1578,7.277102203279151e-05
1579,0.01551632795411001
1580,0.014264428599144285
1581,-0.004566457612333541
1582,-0.026459545525216677
1583,0.009235211578245195
1584,0.004040663374856701
1585,-0.021913032531104548
1586,0.02086767509128412
1587,0.02987813530041805
1588,0.007943558503544224
1589,0.002065430909703181
1590,-0.024486612446546485
1591,-0.02697760854443343
1592,0.020360705909106325
1593,-0.002571615201112043
1594,-0.011501498045903058
1595,0.04315229152685324
1596,-0.01920126244504189
1597,0.0056211628311673145
1598,0.010068757528394423
1599,-0.004744860197015088
1600,-0.028989253881933297
1601,0.007330466011424341
1602,0.016903840205948095
1603,0.01223324652694685
1604,0.0014918097464767244
1605,0.031901756230559075
1606,-0.012807474231299798
1607,-0.023274627629974676
1608,0.03106111548250201
1609,-0.00434462742611097
1610,-0.010422103496813884
1611,-0.0018001122905988431
1612,0.0023823084185474186
1613,0.03096365420817221
1614,0.017332579292687555
1615,-0.0007203464464362042
1616,-0.014516778184300083
1617,-0.0020265509360108958
1618,0.006741136588867103
1619,0.006735857771747511
1620,0.02702207095574871
1621,-0.02194760964949727
1622,-0.00701242422564724
1623,0.030011440459432548
1624,0.013364686377686896
1625,0.017648353874065437
1626,-0.01555353608240323
1627,-0.005971755485327523
1628,-0.01583288529773691
1629,-0.0016667949688160544
1630,0.010232309787488014
1631,-0.0038714826340147113
1632,0.0030620280056883886
1633,-0.001587142043732226
1634,-0.013718631780596624
1635,0.0037877492643599853
1636,-0.0058023614651389055
1637,0.00904957760689784
1638,0.014056494579807455
1639,-0.009102276829931366
1640,0.018455657340802234
1641,-0.026957736498977647
1642,0.018973570876636814
1643,-0.00032773243083816794
1644,-0.014944564236519353
1645,0.025210232035858926
1646,0.006471346623067753
1647,0.019307161607844847
1648,-0.032875852475726164
1649,0.008646160249933588
1650,-0.008358206813626201
1651,-0.019403436379740513
1652,0.012963907994991974
1653,0.00399475018677381
1654,0.011786960075943043
1655,-0.014240654849309475
1656,0.050539238189588886
1657,0.02093002074686351
1658,0.02329266119675133
1659,-0.02657447114503214
1660,0.015156172090450004
1661,0.024690403856128307
1662,-0.013394120771232199
1663,-0.05147109426619917
1664,0.015709503072387554
1665,-0.01668743886654478
1666,-0.026419998698917535
1667,-0.042106358583971826
1668,0.032951961392810536
1669,0.0031865832429904817
1670,0.025007895245198697
1671,-0.010730916688924563
1672,-0.040754646457034305
1673,0.016453709396710203
1674,0.027469270909592336
1675,0.014905205956621093
1676,-0.00390690531790111
1677,0.004458499943879202
1678,0.03610547706555567
1679,-0.012549059651495276
1680,-0.017182136680732374
1681,0.01857685242629592
1682,-0.0003723375141692076
1683,-0.00618052870806568
1684,0.0008306560837438859
1685,-0.019207292929638464
1686,0.019338032613185174
1687,0.001573558862269897
1688,-0.011255150616088394
1689,0.023376079741927402
1690,0.03267133636421388
1691,-0.0034936338644454557
1692,-0.004096374905763256
1693,0.00509433948481175
1694,-0.023001762771648115
1695,-0.024080876511581195
1696,-0.008221878756933976
1697,0.009522718567312738
1698,-0.016680471888060544
1699,0.01861630366164929
1700,4.4131182046158735e-05
1701,0.005465973513949951
1702,-0.011018159223731061
1703,0.007223720929081023
1704,-0.003269218660452433
1705,0.003619043859155735
1706,0.0011243567611413097
1707,0.0064611981269752095
1708,0.0029963675925280264
1709,0.03273397009896478
1710,-0.03432827989304277
1711,0.025823340683557183
1712,0.01809510109981688
1713,0.01436956374897258
1714,0.002528158115144674
1715,-0.0013755484231721682
1716,0.002922151103010584
1717,0.004793420133428983
1718,-0.01026519522856445
1719,-0.0342428735469924
1720,0.030996769430620574
1721,-0.030070897620649906
1722,-0.02004619170114419
1723,0.004128304543690009
1724,0.051379865799904334
1725,-0.003260329755046032
1726,0.02610190671447854
1727,-0.02380548653561504
1728,-0.017679324206326674
1729,-0.012198719358059495
1730,0.03358531273710008
1731,-0.005013152607712679
1732,0.014119603515902135
1733,-0.024004233914046658
1734,-0.004559494966007771
1735,-0.017106722566693044
1736,-0.013017817732690173
1737,-0.002111324090513622
1738,-0.006505679291870903
1739,-0.0010729654795049726
1740,-0.022807318822599065
1741,0.020665571013930517
1742,0.017327159736093112
1743,0.00716620831821696
1744,0.02748288487180711
1745,-0.030641622995874973
1746,-0.041368213147371824
1747,0.011062650849808842
1748,-0.025153441841753443
1749,-0.03651923136987023
1750,-0.006105519864210429
1751,0.007968278103241078
1752,-0.0006861255643039743
1753,0.04629621948518825
1754,0.01770975132846292
1755,-0.006506948600796814
1756,0.012615177979042547
1757,0.011431173069030187
1758,0.018285536972374006
1759,-0.011666924956577118
1760,-0.025414463363067685
1761,-0.004975541619155199
1762,0.023782758102898316
1763,0.021635566920697014
1764,0.009276135704350652
1765,0.003394190804573094
1766,0.020332994351840272
1767,0.025271973913627177
1768,-0.006407367821440024
1769,0.006407055796824324
1770,-0.041446231575440584
1771,0.03213178184039828
1772,0.019804046522489627
1773,-0.0035046627844705913
1774,0.012833424502541269
1775,0.017877092815747897
1776,-0.006569789133906101
1777,0.020814944018085035
1778,0.029847940866646272
1779,0.011351496097317948
1780,0.006457685122283341
1781,-0.011925768360363131
1782,0.01161230198633928
1783,0.02884619808428679
1784,0.02495249453622911
1785,0.001264541896585758
1786,-0.0014079831972784174
1787,-0.00010293527220323062
1788,-0.028087780495457182
1789,-0.014180008839410563
1790,-0.007995091508096519
1791,0.03615756037049611
1792,-0.025159339022046923
1793,-0.0005906693687899311
1794,0.033113362537210145
1795,0.012955810971768456
1796,-0.028578984886644898
1797,0.009499439933987164
1798,0.0018965931139255376
1799,-0.014644708282431473
1800,-0.006665693401597672
1801,0.0022309612696249093
1802,0.021006628165213148
1803,-0.014030090692537855
1804,0.05717825605890037
1805,-0.0029656993967261958
1806,0.01207906630078509
1807,0.026572466334503997
1808,-0.018729749899849324
1809,0.015509117666923145
1810,0.00466447387394453
1811,0.013896644791570822
1812,-0.03354864314422018
1813,0.022656639205036466
1814,-0.02868767820388457
1815,-0.003450855928770147
1816,-0.004855455239140716
1817,0.0022669934827181937
1818,0.00716886497133451
1819,0.002956114061371584
1820,0.004349400998984454
1821,0.006038366428569419
1822,0.02434639295713864
1823,-0.00011228767341969759
1824,0.013864975751201492
1825,-0.008668287991592527
1826,-0.013092986474808055
1827,-0.00978677148931878
1828,0.004993057568089598
1829,0.009533359363273264
1830,0.0014221713764625
1831,0.00952773767027204
1832,0.018641004350058665
1833,0.017086772323488653
1834,0.005643632640788876
1835,-0.0066887279708552905
1836,0.02438340022459551
1837,0.03897265559907187
1838,0.011424805771957647
1839,0.00011796811564512844
1840,0.01387038665689233
1841,0.017481340399465806
1842,0.014831354167478883
1843,-8.78512986421387e-05
1844,0.0038000420712419047
1845,0.0013655816628102002
1846,-0.0038524604872822166
1847,0.022576660339825305
1848,0.013139029781258693
1849,-0.004494039690116969
1850,0.012318394171207114
1851,0.0015232870426165612
1852,0.001656473015637927
1853,-0.0009024113270529321
1854,0.007361078205026295
1855,0.040686491059953755
1856,0.005141658516308767
1857,0.02747061404043749
1858,0.01692263877972011
1859,0.0313738584715082
1860,0.019120880603996582
1861,0.011888652097646002
1862,-0.02284821498322276
1863,-0.004538346809895288
1864,0.004841621150400266
1865,0.034604021426946685
1866,-0.012803036396715983
1867,0.04648157484101623
1868,-0.018121206608798457
1869,0.01414529381712315
1870,0.004865847809319701
1871,-0.023573388559937958
1872,0.0036643762673801983
1873,-0.004754759945294562
1874,0.02489556370690077
1875,-0.014569317203821708
1876,0.012434759917850036
1877,0.021263292064656936
1878,0.015153810692722758
1879,-0.04818488360169981
1880,0.0046181734472373615
1881,0.01460381835010277
1882,-0.0013606739074139562
1883,0.021663141551750642
1884,-0.02679918613872756
1885,0.004041499622300049
1886,0.0047778409597381
1887,0.010987221225342847
1888,0.00079651106244788
1889,0.011500414810749482
1890,-0.025324026542644096
1891,-0.03000910367484627
1892,0.029394609877898548
1893,0.03937297624590125
1894,-0.025917166922538593
1895,0.006600495863399891
1896,0.024058965179253378
1897,0.03008769039002862
1898,0.03492557986676287
1899,0.023815414228082865
1900,0.03425386166635541
1901,-0.004143561793713557
1902,0.02831226948669391
1903,-0.012434303510216516
1904,0.003498671477787485
1905,-0.005755976543681374
1906,-0.007676779301683367
1907,0.02427927679029751
1908,-0.023294529380799567
1909,0.013377345174494015
1910,0.0074265139954169945
1911,0.010144687202617242
1912,-0.0037689405901435435
1913,0.04928234937035508
1914,-0.010784804453120078
1915,-0.0036464113843000523
1916,0.022180718267844513
1917,-0.0336167882399796
1918,-0.011100800487097606
1919,-0.006053925358912637
1920,-0.004633044012473442
1921,0.007228802155159253
1922,-0.038378299894170353
1923,0.0026442619025775493
1924,-0.0022476150521802962
1925,0.008706104550952776
1926,-0.024226894419451694
1927,0.010759378959640187
1928,0.0032508563235970622
1929,-0.005186078761469759
1930,-0.012985651530413145
1931,0.003636254206740186
1932,-0.0009905048341319334
1933,-0.0030384740085429573
1934,0.031109179735936632
1935,0.01488621991116873
1936,0.016868377484637875
1937,0.010783916582481456
1938,-0.022523540313867996
1939,-0.010653555715862018
1940,-0.0009548848727686798
1941,-0.017386128671376178
1942,0.005801557007280966
1943,-0.00436438166659292
1944,-0.015939331153566993
1945,0.0015088194274819888
1946,-0.0023313958418009206
1947,0.05615218123307553
1948,0.010912915758210184
1949,-0.013736577968298413
1950,0.006372531431037831
1951,-0.015838237959801882
1952,0.005395381966661339
1953,-0.03369404447491259
1954,0.009233887451180534
1955,0.013691519649512374
1956,0.033399948145030445
1957,-0.013085764793943133
1958,-0.023063014411506377
1959,-0.01628788715552454
1960,0.010779529502513097
1961,-0.030952702387644637
1962,-0.006256809459037893
1963,-0.0054717798758170955
1964,0.001241537746854482
1965,0.002090378414582428
1966,-0.01495042473776026
1967,0.0005799460534270939
1968,-0.024501336809225782
1969,0.048241622679766394
1970,0.020699382628181884
1971,0.03950106875394749
1972,-0.04129405805924641
1973,0.017461025848513778
1974,-0.006641059109034064
1975,-0.02133094706405564
1976,-0.006105878304403678
1977,0.01687393838477752
1978,-0.005421880937296009
1979,0.014284991127771984
1980,-0.016881164109206148
1981,-0.009207825118307367
1982,-0.04208519192973148
1983,0.022135701351984116
1984,-0.00709212353749622
1985,-0.006860081283249719
1986,-0.0003667039555040885
1987,0.004458405459217052
1988,0.06655279252858648
1989,0.02320575290977117
1990,0.002018022940154629
1991,-0.006710578634263387
1992,-0.027391446139548636
1993,0.017708763762770696
1994,-0.009837252775771077
1995,0.0029749636984686134
1996,0.0020073210362437366
1997,-0.008717516871137032
1998,0.002672612327494883
1999,-0.0032552322187119342
2000,-0.011126870366631847
2001,0.0012246876442476018
2002,-0.011418686413291468
2003,0.016865227065804234
2004,0.0045977009217100795
2005,0.037281273198352505
2006,-0.010194807162437258
2007,0.017237910081726537
2008,-0.024097049511922708
2009,-0.010424059075261671
2010,0.006266828687451487
2011,0.03320638828783773
2012,-0.014344712396741455
2013,-0.005286025258428417
2014,0.007133044814162159
2015,-0.013350652336468372
2016,-0.017947606284952067
2017,-0.0037752101293959672
2018,-0.01775354293756848
2019,-0.0015089244596028228
2020,0.005096929524786242
2021,-0.04132818916840464
2022,0.02856517939112041
2023,0.01268656575799465
2024,-0.0004547624033899855
2025,0.007484174867671001
2026,-0.006691042218772925
2027,0.0017237747510231438
2028,0.005144660965524961
2029,-0.022761920598086016
2030,-0.016700639193246825
2031,-0.02498827153424754
2032,-0.014579769119697161
2033,-0.02057141033610682
2034,0.016063522849850187
2035,0.012104075750563936
2036,-0.006064622241152118
2037,-0.016126311875701516
2038,-0.012305526569639957
2039,-0.004893681536972561
2040,0.0014461161325634575
2041,-0.05182377925477627
2042,0.01870244665238474
2043,0.01120518753591715
2044,-0.01475698587423313
2045,0.016918201234885355
2046,0.0025737344753183344
2047,-0.011030644322291727
2048,-0.005942802862286434
2049,-0.005704872467806099
2050,-0.03347539966441632
2051,-0.007430758442183105
2052,0.03744613696224941
2053,0.014747152808392228
2054,0.025167969345966767
2055,0.00997110196806461
2056,0.0006380131054545268
2057,0.003222624763579318
2058,-0.002360010187536399
2059,-0.0034583512325632726
2060,0.020934456922059475
2061,-0.021884405058200995
2062,-0.03927775508289616
2063,0.006996985497891184
2064,-0.006066626915740669
2065,-0.021020056366133688
2066,-0.02355629388447872
2067,-0.018357371345564588
2068,0.021258344527331663
2069,-0.003569854100178571
2070,0.01107765784792658
2071,-0.015288723834205209
2072,-0.005103700148705814
2073,0.00512001782470084
2074,-2.9591944693041494e-05
2075,0.00662495253658818
2076,-0.02303158021701962
2077,0.06190489202882138
2078,-0.003760196886953171
2079,0.0033949462084639226
2080,0.003944725086653056
2081,-0.030238459646660776
2082,0.009858020885579799
2083,0.01649933659046937
2084,0.0052514101087896
2085,0.017027868674448388
2086,0.005847413053262196
2087,0.005391427059218357
2088,0.008495318866555857
2089,-0.04645281226197512
2090,-0.03831517855331823
2091,-0.046775801581226684
2092,-0.0380006494417332
2093,-0.0057046228771785445
2094,-0.0190679185436759
2095,0.01866539654865218
2096,-0.007479862472411669
2097,0.04911803785458546
2098,0.025597310410110097
2099,0.018737779453026404
2100,0.01924879852995043
2101,0.0027072512410449834
2102,-0.022139861335862265
2103,0.0027528839621712153
2104,-0.0016402142245512397
2105,-0.004175795782738523
2106,0.022443496040910393
2107,0.019629101214805433
2108,-0.008475844698988488
2109,0.0321539912036225
2110,0.014692804637250978
2111,0.018755233799806703
2112,0.010461875960795841
2113,-0.03997026834361672
2114,0.00929595964644292
2115,-0.004465072969142114
2116,0.010190297343021182
2117,7.38197802319096e-06
2118,0.021132387171907074
2119,-0.004707500917196683
2120,-0.012508791214693393
2121,0.008874355300587222
2122,0.007149108893233724
2123,-0.01832523541052883
2124,-0.017176859038039616
2125,0.020247046601457652
2126,0.027126680859723085
2127,0.0030840179742980256
2128,0.011538925462978022
2129,0.014206414166344605
2130,0.030100586466432377
2131,0.025547391421108123
2132,-0.020874949421141487
2133,0.03273447590975237
2134,-0.0037179694719221557
2135,0.0335240220325248
2136,-0.012841357623064376
2137,0.01617022834105153
2138,0.016159435143601575
2139,-0.03995779712130615
2140,0.01015129545222665
2141,-0.0051100362620035145
2142,-0.01884888069812679
2143,-0.018816023614178334
2144,0.011070084955337789
2145,0.015429018888897805
2146,0.01628739342915425
2147,0.0017584735493315629
2148,-0.006611748500723491
2149,0.0020603752801317543
2150,0.0262064905645763
2151,0.013407150372089893
2152,0.017039480505224136
2153,-0.03912937969819602
2154,-0.0454657728964844
2155,-0.030412080898799654
2156,0.025225254595981683
2157,0.016906174973661703
2158,0.0005088694575792752
2159,0.04742368551575993
2160,0.0009599162421355389
2161,0.006095030886325181
2162,0.04227128642242134
2163,-0.008782044331837602
2164,-0.0032301223637533627
2165,-0.008698315554720892
2166,0.028699420657131214
2167,-0.02505203503470327
2168,0.027358811541567107
2169,-0.006965834073778154
2170,0.008373934345309808
2171,-0.010127484286412525
2172,-0.01040515124591096
2173,0.009689913531756966
2174,-0.03764713772670991
2175,0.0036282601111560786
2176,-0.006050068509245776
2177,0.037735721339766715
2178,-0.014239244993312694
2179,0.009222498802412993
2180,-0.013280753849059634
2181,0.013213371118180217
2182,-0.002277455331350653
2183,0.0013690323444865427
2184,0.004841669118941572
2185,-0.004848419784388935
2186,-0.05391777103683215
2187,-0.014852775361499149
2188,0.021802455273869314
2189,0.023906354604772806
2190,0.008308169994898529
2191,-0.013876131762332933
2192,-0.0008052700306258598
2193,-0.023214015568235602
2194,0.0013413522717300452
2195,-0.03158740005966837
2196,-0.017041645158089147
2197,0.010376993204948948
2198,-0.0028372375332472166
2199,0.02900727699048361
2200,-0.009913560685372191
2201,-0.0343454095176296
2202,0.0038038195235123307
2203,0.002312490420923352
2204,-0.013113621199061676
2205,-0.014739737094020822
2206,-0.027241877568803363
2207,0.005688252256009607
2208,-0.01339241022394455
2209,0.019825014562189824
2210,0.006463450878337662
2211,-0.006390777989547847
2212,-0.0034429624887781785
2213,0.011317688529813297
2214,-0.022490652537082156
2215,0.016626565794713943
2216,-0.0025147927588979324
2217,0.0016519614748207179
2218,0.00530733872438971
2219,-0.021286905888378838
2220,-0.027053225789448743
2221,-0.017148343555709933
2222,-0.0054144707294842
2223,0.03496900929126279
2224,0.02334210696981287
2225,-0.020913326237983587
2226,0.006640335845734369
2227,-0.007969338372502244
2228,-0.03298931183189868
2229,-0.08155704740219782
2230,-0.00752637801488798
2231,-0.03899045022127251
2232,0.003296116903172386
2233,0.002793353379895225
2234,0.010563955354453147
2235,0.015126963138565763
2236,0.032292865376209456
2237,0.003197138288257406
2238,0.001337030728533195
2239,-0.010616321600082745
2240,-0.00889139329264832
2241,0.009538951991719391
2242,-0.002668301893062053
2243,-0.032815594318517494
2244,0.003353531401835086
2245,0.018919138519031264
2246,-0.004026531010277168
2247,0.0034669093955417285
2248,0.010305675439054363
2249,-0.021546727745661187
2250,-0.020473220115531487
2251,-0.0005257034674216454
2252,0.01294306729344491
2253,0.006950776062821851
2254,-0.007779663869801057
2255,0.04011790241667862
2256,0.011381304059157993
2257,0.019922164782156637
2258,0.03155135209107329
2259,0.0051683511941807425
2260,-0.0009373723043925586
2261,-0.00877069776093059
2262,-0.008490888409100061
2263,-0.021772662737295
2264,0.026286032957352434
2265,-0.013961420175972239
2266,0.021268461207076372
2267,0.04388377189713821
2268,0.006086671256851139
2269,0.003166012230344628
2270,-0.022712704266593275
2271,0.004647166594664409
2272,0.009531734087841304
2273,-0.00972023765656499
2274,0.00970830651037402
2275,-0.029780281704115896
2276,0.02451200181553631
2277,-0.0016059914719505075
2278,-0.009710414410588286
2279,0.028161268740672984
2280,0.005218415012513078
2281,0.0013420954675464336
2282,0.021153410378282722
2283,0.045388427448526336
2284,-0.028558403973263424
2285,0.016133160649068
2286,-0.001381420133438449
2287,0.03293770766755166
2288,0.0006510437716947814
2289,0.07052757734915183
2290,-0.018408888880425855
2291,0.004542017268429455
2292,0.020649345019222665
2293,0.014844754486978917
2294,0.0025599879226604894
2295,0.03425441579170613
2296,-0.005198249718659065
2297,-0.009031983026629664
2298,0.019412980837093696
2299,-0.00432619757019248
2300,0.019887951306457985
2301,0.0004902825605239691
2302,-0.018756072062436235
2303,-0.011354941984821065
2304,0.005229390258171929
2305,0.014349018852635731
2306,0.005127189027987256
2307,0.00847403445885142
2308,0.011553866000692858
2309,-0.0037258927173748346
2310,0.031195762758565337
2311,0.03922046443607968
2312,0.004902975257266906
2313,-0.01623624630800896
2314,0.01004970406157868
2315,0.008264664563253477
2316,-0.01923167962844563
2317,0.01706422917730105
2318,0.010325484750418557
2319,-0.0053563050215762464
2320,-0.003179288083095977
2321,-0.009765001118729688
2322,0.01832992839341785
2323,-0.02809870603847442
2324,-0.014486355173431609
2325,-0.012384945118408153
2326,0.024134719567852903
2327,0.01292560461510972
2328,0.0002463643399490678
2329,0.005271313415150247
2330,-0.023078271485157786
2331,-0.03144795978837789
2332,0.020423104634402667
2333,0.0021535658514950096
2334,0.002151757754181638
2335,-0.011179787950105158
2336,0.001391570898769845
2337,-0.005311951016442551
2338,-0.001870239099494131
2339,0.013722338450021743
2340,-0.032165608319705496
2341,0.004133174166455478
2342,0.017163551567656588
2343,0.009395823930865521
2344,-0.010878921116857287
2345,-0.03378532170290527
2346,-0.007283595113215469
2347,0.009347609229895026
2348,0.023244848044231714
2349,-0.003038705969798716
2350,-0.02980097507010726
2351,-0.004819470053297414
2352,0.025692629110510845
2353,0.006671469665661678
2354,0.024980382671324353
2355,-0.04099926947808463
2356,0.02365109304023927
2357,-0.02027078270847321
2358,-0.038952900690915726
2359,0.02715249293675731
2360,-0.004222526462427267
2361,0.017697276858197997
2362,-0.04043247220684282
2363,0.010083762541473473
2364,0.029329054635744034
2365,-0.011062168809190975
2366,0.0006926516079528988
2367,0.019880997922717747
2368,-0.0005903252132598014
2369,-0.03542176681283521
2370,-0.011248440886340916
2371,0.024441013887220142
2372,0.009566198861297948
2373,0.03096994477157139
2374,0.007340348743051173
2375,0.006958187370677105
2376,0.007672168255820511
2377,0.009533933240544079
2378,-0.006665052769060542
2379,-0.021228007233193902
2380,-0.007732292669790586
2381,0.03443946231811845
2382,0.014965212994688504
2383,0.0053939586309305065
2384,-0.007290752605720985
2385,0.001941957837363173
2386,0.006316773627751571
2387,-0.04609298143120055
2388,-0.02795954994617006
2389,-0.0004575466619904378
2390,0.013747027827958669
2391,-0.022378397758526847
2392,0.0064123327235884875
2393,-0.006678551424841694
2394,-0.0005903934266918709
2395,-0.035364120978507996
2396,0.017328061108268122
2397,0.0032574597921126713
2398,-0.00370902609397622
2399,0.006398741621880533
2400,0.01759027155491044
2401,-0.003270377040896555
2402,-0.0013160328460604664
2403,0.03591517935294897
2404,-0.0025125310436363013
2405,0.028534687161775707
2406,-0.018444148762468582
2407,-0.010947971871529072
2408,-0.011059629175852681
2409,-0.028574971119906478
2410,0.00027212766357054274
2411,0.015897100219273097
2412,-0.020866671157695305
2413,0.006023923148977983
2414,0.002622147866199409
2415,0.02538635964756203
2416,-0.014855793467039191
2417,0.002795054010348741
2418,-0.005046357323721107
2419,0.012350734008316433
2420,0.013049609228531267
2421,-0.004081315525425455
2422,0.005590571804830635
2423,-0.047151085142224325
2424,-0.032541096417265714
2425,0.009412958524436799
2426,0.007020900086870618
2427,0.010775188455538875
2428,-0.009826356666367886
2429,0.029235395865628677
2430,-0.0006411602774699099
2431,-0.010398173531467658
2432,0.021866914029045836
2433,0.007321344148038866
2434,0.03705436650256311
2435,-0.007546037898961633
2436,-0.006927383152890043
2437,-0.004892951319151406
2438,-0.02381164869749386
2439,-0.0032650419075975767
2440,0.0012850218838207361
2441,0.011205735810811746
2442,0.0028087560385926524
2443,0.02067828766422397
2444,-0.018145094841452825
2445,0.012764831552339706
2446,0.012885194366396513
2447,0.004096664444482034
2448,0.014402818620997793
2449,-0.0022250284370857742
2450,0.02612336940732335
2451,-0.018911311944336484
2452,-0.01809168467014466
2453,-0.005264671396451925
2454,0.007853547249549342
2455,-0.03040059465559941
2456,-0.015181148105196551
2457,-0.024949778068577566
2458,0.008287164381185819
2459,0.010004143964566115
2460,0.015496904048115268
2461,0.00701930441145332
2462,-0.01139143147395033
2463,-0.008099517107428955
2464,0.03636808857506879
2465,-0.03300172148128577
2466,0.015750252049801183
2467,0.02042508383902808
2468,-0.004279063519940396
2469,-0.0086458111241009
2470,0.006581615013990072
2471,0.015089279501195874
2472,0.013235612533518848
2473,-0.015287770561567049
2474,0.006711657459739673
2475,0.007721458421661442
2476,-0.02770578723160516
2477,-0.006693872371755338
2478,0.005799462386476051
2479,0.007373847359816166
2480,0.007457758227148004
2481,0.006541289207741163
2482,0.027818812711876084
2483,-0.0016422223288921067
2484,0.021566976876996824
2485,-0.008610600492485132
2486,-0.014824503946914813
2487,0.07879227752319684
2488,0.023021514413921362
2489,0.03323617994626854
2490,0.002132637037204066
2491,0.029148106409733754
2492,0.01240853625660221
2493,-0.010047322454280083
2494,0.004714743204033256
2495,-0.016873115235016334
2496,-0.002527139111265453
2497,-0.01783658629959628
2498,0.022562060963063513
2499,0.008305868545003203
2500,-0.0011399157234442958
2501,-0.016431730427942104
2502,-0.0009360088041618919
2503,-0.0036444727468906146
2504,0.012574328749957508
2505,0.01034345789209612
2506,0.04625449296421974
2507,-0.015698991307320498
2508,0.014549389061351947
2509,-0.01467596070734195
2510,0.006903720420394999
2511,-0.005437143973853087
2512,-0.020768296855249946
2513,0.024305010521583237
2514,-0.0030924734720149116
2515,0.012895446800845145
2516,-0.025645644576017868
2517,0.0025344902129112445
2518,0.005838118317770036
2519,0.017237469891642376
2520,-0.002350268925008059
2521,0.013076542612466935
2522,-0.027967298440334687
2523,0.01811565440054458
2524,-0.010002238756796233
2525,0.002440422009630294
2526,-0.0385205060572168
2527,0.028013697832327322
2528,-0.0008553180885307321
2529,-0.007030221735267739
2530,0.005374017822713295
2531,-0.03691892865482199
2532,0.005486313911272134
2533,0.0003500845589503032
2534,-0.02400195924848192
2535,-0.004924221579879207
2536,0.007790047138518275
2537,0.0036087468011585244
2538,-0.02616816954673229
2539,0.010142582234980324
2540,0.030262154274366015
2541,-0.035890707446830594
2542,-0.019614774640316357
2543,0.02250055946106777
2544,-0.021846717776804192
2545,-0.026973752952783148
2546,-0.01845980660394536
2547,-0.007476499688749416
2548,0.005398291399696664
2549,0.010986266176643222
2550,0.018003653659175
2551,-0.011299098580367262
2552,-0.0028923768256126636
2553,0.017756757217518293
2554,-0.024652972688195662
2555,0.022029443025815276
2556,-0.0012712650751178223
2557,0.02223919808712216
2558,-0.005005135634013169
2559,0.014230704302509334
2560,0.0009223591983618107
2561,0.03938526558035832
2562,-0.01094862553996584
2563,-0.044529929292452475
2564,-0.019933018380955514
2565,0.03098586379292584
2566,0.007560837808346932
2567,-0.01007656925538708
2568,-0.0037401340197479316
2569,-0.011401619551526687
2570,-0.0017131588312450097
2571,-0.003297439750293174
2572,-0.00731346216692913
2573,-0.002624208903890035
2574,-0.016319881026612137
2575,0.007647761855301971
2576,0.011131720620391805
2577,-0.012110292531730737
2578,-0.002107680761239239
2579,-0.004154385916176173
2580,0.01394083737274271
2581,-0.0032416142858228136
2582,7.915546025322184e-05
2583,-0.009062962761366755
2584,-0.002994508902392057
2585,-0.05093056817719166
2586,-0.018650984085710476
2587,-0.005537040069374888
2588,-0.021048139806039645
2589,0.013411093976271438
2590,-0.008993837410961159
2591,0.0028402660991949102
2592,0.010700401543102811
2593,0.0004092967489283117
2594,0.0009071194292308293
2595,-0.00017758943089291046
2596,0.004472124708561065
2597,-0.01087656821596561
2598,-0.04612242468947336
2599,0.01539016015906619
2600,0.012298520107036859
2601,0.0033735413284055604
2602,-0.003324204454772439
2603,0.03560947067877307
2604,-0.029751832155311964
2605,0.005754623474676479
2606,-0.0025115143019988073
2607,0.00655593281852368
2608,-0.02139579033377209
2609,-0.005753987105649727
2610,0.021101794779582628
2611,0.021519073053645255
2612,0.007257009454537666
2613,0.008819948965744562
2614,0.0027483531988078402
2615,0.0048316270884621315
2616,-0.03544773782232041
2617,-0.006696413437391968
2618,-0.00422106860613114
2619,-0.0043634490940436255
2620,0.004341744308991979
2621,0.00883640266396013
2622,-0.01992123157714709
2623,-0.00335416984329423
2624,-0.0076449826546388655
2625,0.02956919413881781
2626,0.023151559931758436
2627,0.015934376384657223
2628,0.008532508644563619
2629,-0.011177706100840179
2630,0.02845989693737072
2631,0.017941895268064334
2632,0.00993675848871134
2633,0.0025744654933245736
2634,0.011331462119050673
2635,-0.029563065820049417
2636,0.006805506917769932
2637,0.040201935245552545
2638,0.003857318402879173
2639,-0.01179737686733806
2640,-0.004966610226848189
2641,0.018233919561714274
2642,-0.0023863367307138117
2643,0.0283204564016572
2644,0.0033639988614760363
2645,0.011651184272226112
2646,-0.005351680483705379
2647,0.0006021379169131036
2648,-0.01131310547057962
2649,0.030970689069405033
2650,0.012297426048590354
2651,0.01655752226766466
2652,0.006696542804370098
2653,-0.02101018537220306
2654,-0.008438991537855989
2655,0.003685477430780404
2656,0.023303511043021086
2657,-0.006793098214230853
2658,-0.012489764155955208
2659,0.006448815547906606
2660,-0.020140870759869645
2661,0.02309802219356233
2662,0.018020117964379412
2663,0.010781403313396387
2664,-0.013728389267556929
2665,0.01912944127280336
2666,0.025887639230268877
2667,-0.012385346772279204
2668,0.006692473657198328
2669,-0.03774569039445497
2670,0.01876795364172723
2671,-0.0034129145078494183
2672,0.015775477828275097
2673,-0.0019531619075801587
2674,-0.016703568061528007
2675,0.006096185744581983
2676,0.0032850131647385594
2677,-0.005257322859372748
2678,0.003914300987738095
2679,-0.016103380298310543
2680,-0.02099968561852117
2681,-0.0493082986482693
2682,0.005480116180731298
2683,0.010607259623972853
2684,0.006000453980789966
2685,-0.00013545025025990531
2686,0.0028782308970654036
