openmlid,target_type,epsilon,w_min,delta,c,bootstrap_repeats,seed,num_trees,reasoning_time_per_tree_in_ns,score_oob,score_val,gap_oob,gap_val,time_train,time_pred,time_score
8,oob,0.001,100,100,1000,0,4.5,711.0,10.9,0.0436282,0.0399333,0.000945,0.000193,902315.3,182348.4,44963.2
8,oob,0.01,10,10,100,0,4.5,56.7,16.6,0.0493426,0.0401392,0.006659,0.000397,71934.75,14538.06,3585.96
8,oob,0.1,2,2,10,0,4.5,3.5,138.9,0.0832524,0.048485,0.040569,0.008743,4442.42,897.6200000000001,220.82
189,oob,0.001,100,100,1000,0,4.5,1482.0,12.6,0.0261278,0.0240977,0.001828,3.7000000000000005e-05,39693374.0,1028939.4,181599.3
189,oob,0.01,10,10,100,0,4.5,99.9,14.8,0.0369494,0.0245289,0.01265,0.000472,2675702.07,69343.56,12249.09
189,oob,0.1,2,2,10,0,4.5,6.6,127.4,0.102155,0.0353414,0.077856,0.011282,176771.37,4578.88,808.3199999999999
190,oob,0.001,100,100,1000,0,4.5,476.0,7.0,0.1036011999999999,0.1134822,-0.000495,0.000498,464411.2,113394.8,27554.0
190,oob,0.01,10,10,100,0,4.5,63.9,14.7,0.1112287999999999,0.1130214,0.007133,3.500000000000008e-05,62335.8,15220.44,3699.9
190,oob,0.1,2,2,10,0,4.5,5.1,125.4,0.1640914,0.1064921,0.059995,-0.006493,4980.780000000001,1214.86,295.39
191,oob,0.001,100,100,1000,0,4.5,866.0,10.2,0.0815737,0.0829037,0.001616,0.0006,1605562.6,219448.2,53334.8
191,oob,0.01,10,10,100,0,4.5,81.0,14.4,0.0901539,0.0836579,0.010196,0.001356,150129.45,20515.95,4982.4
191,oob,0.1,2,2,10,0,4.5,4.9,127.1,0.1536851,0.0986012,0.073729,0.016298,9081.51,1241.9299999999998,302.02
194,oob,0.001,100,100,1000,0,4.5,664.0,9.6,0.0523159999999999,0.0500117,0.001152,0.000333,839554.2,166914.3,40925.4
194,oob,0.01,10,10,100,0,4.5,60.3,15.5,0.0589093,0.0513737,0.007745,0.001694,76351.86,15170.580000000002,3726.81
194,oob,0.1,2,2,10,0,4.5,3.3,143.0,0.1022300999999999,0.0651869,0.051066,0.015506,4178.09,830.4200000000001,203.85
196,oob,0.001,100,100,1000,0,4.5,948.0,11.9,0.0145130999999999,0.0142641,0.001112,7.9e-05,1382545.4,248095.9,60641.2
196,oob,0.01,10,10,100,0,4.5,69.3,15.0,0.0215852,0.0146046,0.008184,0.0004199999999999,101011.68,18131.85,4432.86
196,oob,0.1,2,2,10,0,4.5,4.7,131.2,0.0661154,0.0247748,0.052716,0.010589,6849.95,1230.16,300.72
201,oob,0.001,100,100,1000,0,4.5,1139.0,12.0,0.0036641,0.0021649,0.00124,4.000000000000001e-06,36112503.4,996203.5,162667.0
201,oob,0.01,10,10,100,0,4.5,81.0,15.0,0.0120042,0.0022707,0.009579,0.0001119999999999,2567908.98,70845.03,11565.18
201,oob,0.1,2,2,10,0,4.5,5.7,126.6,0.0649792,0.0087444999999999,0.062555,0.006586,180764.9,4984.74,813.73
204,oob,0.001,100,100,1000,0,4.5,1893.0,10.8,1.04824,1.04741,0.00236,0.0002159999999999,2820019.7,588367.9,143286.9
204,oob,0.01,10,10,100,0,4.5,188.1,12.8,1.06889,1.05227,0.02301,0.005076,280385.64,58492.98,14348.97
204,oob,0.1,2,2,10,0,4.5,9.9,117.2,1.20763,1.11708,0.16175,0.069886,14756.2,3078.1,760.53
210,oob,0.001,100,100,1000,0,4.5,1366.0,12.3,0.0131673,0.0125895,0.001644,-1.6000000000000003e-05,1403023.2,332112.9,80687.7
210,oob,0.01,10,10,100,0,4.5,91.8,14.6,0.0239308,0.0127723,0.0124079999999999,0.000164,94246.92,22312.620000000003,5423.76
210,oob,0.1,2,2,10,0,4.5,6.2,126.9,0.0941182,0.0185763,0.082594,0.005968,6366.1,1506.78,366.3
216,oob,0.001,100,100,1000,0,4.5,443.0,11.0,0.0025991,0.0020804,0.0004329999999999,9e-06,26736853.4,542395.5,80342.9
216,oob,0.01,10,10,100,0,4.5,36.0,17.2,0.0049582,0.0022334,0.002793,0.000164,2172696.48,44073.36,6530.04
216,oob,0.1,2,2,10,0,4.5,2.0,160.7,0.0199142,0.0071403,0.017748,0.00507,120705.36000000002,2448.52,362.78
227,oob,0.001,100,100,1000,0,4.5,1829.0,12.8,0.0049919,0.0025643,0.002018,2.0000000000000003e-06,59311406.0,1231254.7,241335.6
227,oob,0.01,10,10,100,0,4.5,135.0,13.8,0.0185558,0.0026375,0.015582,7.500000000000001e-05,4377840.75,90875.25,17811.9
227,oob,0.1,2,2,10,0,4.5,9.0,111.7,0.1123532,0.0091443,0.109379,0.006582,291856.05,6058.35,1187.46
231,oob,0.001,100,100,1000,0,4.5,904.0,9.1,0.139384,0.1321380999999999,0.002203,-2.7999999999999983e-05,1088201.9,225731.4,55563.6
231,oob,0.01,10,10,100,0,4.5,93.6,14.1,0.1502669999999999,0.1328476999999999,0.013084,0.000681,112392.81,23353.11,5747.49
231,oob,0.1,2,2,10,0,4.5,5.3,126.9,0.2279266999999999,0.1500593,0.090746,0.0178919999999999,6367.969999999999,1324.79,325.66
287,oob,0.001,100,100,1000,0,4.5,1090.0,11.9,0.01158,0.010236,0.001142,5e-06,21764788.0,611938.4,108033.8
287,oob,0.01,10,10,100,0,4.5,81.0,14.6,0.0194196,0.0104041999999999,0.00898,0.000173,1617351.3,45471.78,8024.67
287,oob,0.1,2,2,10,0,4.5,5.0,127.2,0.0744925999999999,0.018215,0.064054,0.007983,99836.5,2806.9,495.35
308,oob,0.001,100,100,1000,0,4.5,1314.0,12.1,0.0091807,0.0075918,0.001423,9e-06,134044827.0,996216.5,163401.7
308,oob,0.01,10,10,100,0,4.5,98.1,14.8,0.018524,0.0077006,0.010767,0.000118,10007253.09,74373.66,12193.47
308,oob,0.1,2,2,10,0,4.5,6.6,125.8,0.0806559,0.0144183,0.072899,0.006836,673345.15,5004.07,820.4
315,oob,0.001,100,100,1000,0,4.5,768.0,11.6,0.0197763,0.0194405,0.000811,5.999999999999998e-06,51662406.4,933802.6,64776.0
315,oob,0.01,10,10,100,0,4.5,58.5,16.3,0.0247699,0.0198236,0.005806,0.000388,3933723.24,71261.91,4935.87
315,oob,0.1,2,2,10,0,4.5,3.5,138.5,0.0572441,0.0289524,0.038279,0.009517,235132.03,4254.83,295.36
344,oob,0.001,100,100,1000,0,4.5,1313.0,12.0,0.0016606,8.2e-06,0.001406,0.0,180928793.50000003,3587830.6,458705.1
344,oob,0.01,10,10,100,0,4.5,99.0,14.5,0.0110315,4.16e-05,0.010777,3.1e-05,13642008.930000002,270523.44,34582.68000000001
344,oob,0.1,2,2,10,0,4.5,6.7,123.3,0.0750792,0.0058360999999999,0.074826,0.005829,923263.28,18301.46,2339.2
405,oob,0.001,100,100,1000,0,4.5,1327.0,12.1,0.0267092,0.0243279,0.0015869999999999,1.8e-05,309461210.9,954849.6,134484.9
405,oob,0.01,10,10,100,0,4.5,93.6,14.8,0.0364618,0.0247794,0.011339,0.00047,21832049.880000003,67359.33,9485.28
405,oob,0.1,2,2,10,0,4.5,6.0,127.9,0.0978174,0.0344629,0.072694,0.010153,1399347.3,4318.08,608.0400000000001
416,oob,0.001,100,100,1000,0,4.5,1060.0,12.0,0.040354,0.0389646,0.001138,2.2e-05,153440375.5,1498709.8,142855.1
416,oob,0.01,10,10,100,0,4.5,81.0,14.8,0.047954,0.0394476,0.008739,0.000504,11729263.32,114547.77,10922.04
416,oob,0.1,2,2,10,0,4.5,5.0,128.8,0.0989855,0.0489114,0.059769,0.00997,724028.6,7070.85,674.2
422,oob,0.001,100,100,1000,0,4.5,1030.0,12.0,0.041439,0.0401755,0.001039,3e-06,1037965763.5,1623246.1,144618.1
422,oob,0.01,10,10,100,0,4.5,81.0,14.9,0.0488636,0.0404839,0.008464,0.0003109999999999,81637694.37,127622.79,11384.55
422,oob,0.1,2,2,10,0,4.5,5.0,129.0,0.1002194,0.049417,0.059818,0.009244,5039363.85,7877.95,702.75
482,oob,0.001,100,100,1000,0,4.5,214.0,9.2,0.0019905,0.001581,0.000186,4.7e-05,326937.1,56910.3,13382.1
482,oob,0.01,10,10,100,0,4.5,20.7,18.3,0.0028233,0.0016336,0.00102,9.8e-05,31699.890000000003,5501.52,1292.49
482,oob,0.1,2,2,10,0,4.5,2.0,160.1,0.0064544,0.0023761,0.004649,0.000842,3057.94,531.64,124.94
503,oob,0.001,100,100,1000,0,4.5,1065.0,11.8,0.0104037,0.0089036,0.0011519999999999,1.2e-05,30616810.5,669417.5,117479.6
503,oob,0.01,10,10,100,0,4.5,80.1,15.1,0.0176124,0.009062,0.008362,0.000171,2302697.43,50344.92,8834.76
503,oob,0.1,2,2,10,0,4.5,5.0,128.7,0.0661406,0.016168,0.056891,0.007278,143742.85,3142.9,551.45
505,oob,0.001,100,100,1000,0,4.5,1252.0,11.9,0.0029963,0.0017028999999999,0.001366,7.000000000000001e-06,4894644.6,329189.7,78844.2
505,oob,0.01,10,10,100,0,4.5,93.6,14.4,0.0121339,0.0017871999999999,0.010504,9.2e-05,365918.58,24607.8,5895.0
505,oob,0.1,2,2,10,0,4.5,5.6,127.7,0.0824516,0.0092494999999999,0.080823,0.007552,21889.5,1472.39,352.82
507,oob,0.001,100,100,1000,0,4.5,1296.0,12.0,0.0265994,0.0249237,0.001395,3.5e-05,8838907.2,541390.6,116391.0
507,oob,0.01,10,10,100,0,4.5,97.2,14.9,0.0359397,0.0251714,0.0107359999999999,0.000281,663002.1,40609.08,8737.560000000001
507,oob,0.1,2,2,10,0,4.5,6.7,126.1,0.0968714,0.0338041,0.071668,0.008914,45700.03,2798.78,601.1800000000001
509,oob,0.001,100,100,1000,0,4.5,2003.0,12.9,0.0249222,0.0202859,0.002365,-4.9e-05,3004836.1,509619.2,125782.1
509,oob,0.01,10,10,100,0,4.5,149.4,12.9,0.0408112,0.0202211,0.018253,-0.0001119999999999,224050.77,38007.990000000005,9384.21
509,oob,0.1,2,2,10,0,4.5,10.8,111.2,0.1469176,0.0259398,0.124362,0.005606,16198.490000000002,2747.29,678.22
511,oob,0.001,100,100,1000,0,4.5,810.0,11.1,0.0209992,0.0198378,0.000744,-5.399999999999999e-05,1372781.0,208204.0,51575.3
511,oob,0.01,10,10,100,0,4.5,72.0,14.9,0.0270223,0.0195674,0.006767,-0.000325,121976.37,18501.75,4585.2300000000005
511,oob,0.1,2,2,10,0,4.5,4.0,134.6,0.0761968,0.0257283,0.055941,0.005837,6769.24,1027.6799999999998,254.44
512,oob,0.001,100,100,1000,0,4.5,1574.0,12.4,0.0249007,0.0225672,0.001694,-8.000000000000001e-06,1748443.3,454484.6,116860.8
512,oob,0.01,10,10,100,0,4.5,117.0,13.9,0.0364913,0.02262,0.013286,4.6e-05,129956.58,33781.41,8684.91
512,oob,0.1,2,2,10,0,4.5,8.0,122.5,0.1161032999999999,0.0283339999999999,0.092899,0.0057599999999999,8885.92,2309.84,593.8399999999999
531,oob,0.001,100,100,1000,0,4.5,1201.0,12.0,0.0109839,0.0099049,0.001448,-8.000000000000001e-06,2484021.6,322526.5,77030.1
531,oob,0.01,10,10,100,0,4.5,89.1,14.9,0.0199495,0.0100951,0.010413,0.000185,184292.46,23926.32,5714.46
531,oob,0.1,2,2,10,0,4.5,6.4,126.7,0.0759999,0.0166377,0.066464,0.006726,13238.39,1718.7400000000002,410.46
536,oob,0.001,100,100,1000,0,4.5,222.0,9.1,0.0008434,0.0004167,0.000199,3.3e-05,359360.2,59124.2,13918.5
536,oob,0.01,10,10,100,0,4.5,18.0,18.9,0.0018236,0.0005756,0.001181,0.000194,29115.0,4795.38,1126.98
536,oob,0.1,2,2,10,0,4.5,2.0,160.8,0.0045259,0.0015620999999999,0.003881,0.00118,3235.0,532.8199999999999,125.22
541,oob,0.001,100,100,1000,0,4.5,794.0,11.8,0.0075186,0.00616,0.000841,6.000000000000001e-06,1977674.6,241568.3,56301.5
541,oob,0.01,10,10,100,0,4.5,59.4,16.5,0.0127919,0.0063506999999999,0.006115,0.000193,147955.05,18067.41,4212.09
541,oob,0.1,2,2,10,0,4.5,3.8,137.9,0.0472144,0.0129129,0.040538,0.006756,9464.73,1155.55,269.37
546,oob,0.001,100,100,1000,0,4.5,1147.0,12.0,0.0215333,0.0206511,0.001215,2.2000000000000003e-05,1745955.3,308800.5,74687.4
546,oob,0.01,10,10,100,0,4.5,89.1,15.0,0.0297752,0.0210034,0.009457,0.000375,135602.28,23984.64,5800.77
546,oob,0.1,2,2,10,0,4.5,5.7,129.5,0.0869738,0.0296945,0.066654,0.009065,8677.22,1534.63,371.23
547,oob,0.001,100,100,1000,0,4.5,1228.0,11.7,0.0351901,0.0345438,0.001667,2.7e-05,2046607.8,326561.7,78331.1
547,oob,0.01,10,10,100,0,4.5,92.7,14.6,0.0450503,0.035149,0.011529,0.00063,154482.3,24646.5,5914.62
547,oob,0.1,2,2,10,0,4.5,6.1,126.5,0.1078349,0.043413,0.074312,0.008894,10163.56,1621.9,389.22
549,oob,0.001,100,100,1000,0,4.5,913.0,11.3,0.0372229,0.0356378,0.000946,3.699999999999999e-05,1478960.2,247223.4,59897.4
549,oob,0.01,10,10,100,0,4.5,76.5,14.8,0.0442098,0.0360851,0.0079329999999999,0.0004839999999999,123874.11000000002,20707.74,5017.05
549,oob,0.1,2,2,10,0,4.5,5.0,129.6,0.0909493,0.0465034,0.054674,0.010902,8095.530000000001,1353.49,327.72
550,oob,0.001,100,100,1000,0,4.5,448.0,10.6,0.0319971999999999,0.0335067,0.00033,5.8e-05,1742467.7,155963.3,34347.1
550,oob,0.01,10,10,100,0,4.5,36.9,17.5,0.0348357,0.0339284,0.003169,0.0004779999999999,143370.9,12847.59,2829.06
550,oob,0.1,2,2,10,0,4.5,2.0,161.3,0.0513683,0.0399196,0.019701,0.00647,7771.0,696.3,153.34
558,oob,0.001,100,100,1000,0,4.5,1235.0,12.0,0.0487037,0.0476064,0.001456,5.2e-05,121501044.5,929622.1,182669.7
558,oob,0.01,10,10,100,0,4.5,88.2,14.6,0.0575389999999999,0.0483094,0.0102919999999999,0.000755,8677812.33,66400.11,13037.76
558,oob,0.1,2,2,10,0,4.5,5.2,126.4,0.1154381,0.061043,0.068192,0.013488,511601.85,3916.22,768.55
560,oob,0.001,100,100,1000,0,4.5,1389.0,12.1,0.0034518,0.0011312,0.001514,1e-06,1972961.4,349781.8,85519.3
560,oob,0.01,10,10,100,0,4.5,103.5,14.1,0.0135633,0.0011845,0.011627,5.5e-05,147002.13,26062.65,6370.469999999999
560,oob,0.1,2,2,10,0,4.5,6.3,126.0,0.0893532,0.0076464999999999,0.0874149999999999,0.006517,8949.320000000002,1586.74,387.87
564,oob,0.001,100,100,1000,0,4.5,1293.0,11.9,0.0057027,0.0039872,0.001429,9e-06,236763625.2,3740416.9,441624.8
564,oob,0.01,10,10,100,0,4.5,90.0,14.6,0.015339,0.004131,0.011065,0.000152,16480225.8,260347.5,30743.1
564,oob,0.1,2,2,10,0,4.5,6.0,126.7,0.0786153,0.0116034,0.074341,0.007625,1098681.72,17356.5,2049.54
574,oob,0.001,100,100,1000,0,4.5,617.0,11.5,0.0121417,0.0113002,0.000637,2.9e-05,105151778.7,1142378.0,137545.8
574,oob,0.01,10,10,100,0,4.5,45.0,17.0,0.0158869,0.0116646,0.004382,0.000392,7669256.85,83306.25,10039.05
574,oob,0.1,2,2,10,0,4.5,2.0,157.8,0.041204,0.0207513,0.0297009999999999,0.009478,340855.86,3702.5,446.18
673,oob,0.001,100,100,1000,0,4.5,1004.0,10.7,0.0906927,0.0874373,0.001344,0.000327,1632306.3,262317.5,64133.3
673,oob,0.01,10,10,100,0,4.5,88.2,14.5,0.1002772999999999,0.0879554999999999,0.010926,0.0008439999999999,143414.37,23051.25,5634.18
673,oob,0.1,2,2,10,0,4.5,6.2,124.0,0.1590228,0.0970194,0.069673,0.009909,10079.3,1620.2800000000002,396.24
3050,oob,0.001,100,100,1000,0,4.5,1234.0,12.0,0.0248031,0.0224698,0.001313,-8e-06,413766045.3,2153180.2,150166.4
3050,oob,0.01,10,10,100,0,4.5,90.0,14.6,0.033971,0.0228331,0.0104789999999999,0.000355,30176814.6,157131.9,10960.2
3050,oob,0.1,2,2,10,0,4.5,6.0,125.9,0.0940245,0.0315743,0.070533,0.009097,2011787.64,10475.46,730.68
3277,oob,0.001,100,100,1000,0,4.5,1292.0,12.0,0.035316,0.0342333,0.001371,6.3e-05,453042295.2,2238947.2,149112.4
3277,oob,0.01,10,10,100,0,4.5,97.2,14.6,0.0447545,0.0347025,0.010809,0.000531,34089436.44,168418.62,11210.76
3277,oob,0.1,2,2,10,0,4.5,6.2,126.6,0.1095372999999999,0.0446095,0.07559,0.010438,2174579.52,10733.58,716.78
4549,oob,0.001,100,100,1000,0,4.5,241.0,10.0,0.0007417,0.0005361999999999,0.000176,0.0,4232794309.8,28473521.2,990415.0
4549,oob,0.01,10,10,100,0,4.5,18.0,19.3,0.001895,0.0005947,0.001328,6.1e-05,316147011.12,2126769.48,74043.36
4549,oob,0.1,2,2,10,0,4.5,2.0,161.2,0.0060332,0.0019486,0.005467,0.001414,35127445.68,236307.72000000003,8227.039999999999
41021,oob,0.001,100,100,1000,0,4.5,3314.0,13.9,0.0064941,0.0020486,0.003756,1.0000000000000002e-06,14964458.9,1075746.7,238701.0
41021,oob,0.01,10,10,100,0,4.5,235.8,12.7,0.0327326,0.0020937,0.029994,4.7e-05,1064762.64,76542.66,16982.82
41021,oob,0.1,2,2,10,0,4.5,17.2,100.8,0.2102704999999999,0.0077069,0.207534,0.0056619999999999,77666.48000000001,5582.469999999999,1238.65
41540,oob,0.001,100,100,1000,0,4.5,1271.0,12.0,0.0327776,0.031458,0.001271,5e-06,271117208.3,17306655.4,1642431.0
41540,oob,0.01,10,10,100,0,4.5,99.0,14.5,0.0419968,0.0315251999999999,0.01049,7.1e-05,21117892.95,1348097.85,127948.59
41540,oob,0.1,2,2,10,0,4.5,7.0,125.3,0.1044114999999999,0.0371387,0.072905,0.005686,1493184.35,95320.05,9046.87
41928,oob,0.001,100,100,1000,0,4.5,1491.0,12.1,0.0762028999999999,0.0756561,0.001656,2.1e-05,10467750.3,547012.0,118200.9
41928,oob,0.01,10,10,100,0,4.5,109.8,13.9,0.088337,0.0764487,0.013789,0.0008139999999999,770935.5900000001,40262.58,8705.07
41928,oob,0.1,2,2,10,0,4.5,7.3,122.8,0.1700617,0.0881766,0.095516,0.012544,51225.9,2676.9,578.0600000000001
41980,oob,0.001,100,100,1000,0,4.5,1865.0,13.0,0.0201079,0.0178454,0.002022,1.2e-05,110069841.0,1117044.3,188631.3
41980,oob,0.01,10,10,100,0,4.5,136.8,13.8,0.0342688,0.0180129,0.016183,0.000177,8072552.88,81924.75,13831.920000000002
41980,oob,0.1,2,2,10,0,4.5,9.0,113.5,0.1331597,0.0254841,0.115076,0.007649,531063.27,5390.46,910.17
42225,oob,0.001,100,100,1000,0,4.5,648.0,11.2,0.0019050999999999,0.0011652,0.000637,2.0000000000000003e-06,92943489.4,2899157.8,309213.4
42225,oob,0.01,10,10,100,0,4.5,54.0,16.2,0.0057991,0.0012258999999999,0.004533,6.2e-05,7745336.639999999,241593.3,25765.02
42225,oob,0.1,2,2,10,0,4.5,3.0,143.3,0.0346558,0.0071256,0.033389,0.0059609999999999,430296.48,13421.85,1431.39
42563,oob,0.001,100,100,1000,0,4.5,594.0,11.1,0.0025534,0.0017922,0.000594,5.000000000000001e-06,9032663.5,254426.8,44019.6
42563,oob,0.01,10,10,100,0,4.5,45.0,17.0,0.0063004,0.0018832,0.0043409999999999,9.7e-05,684403.65,19275.75,3335.85
42563,oob,0.1,2,2,10,0,4.5,3.0,143.3,0.0293986,0.0067817,0.027438,0.004995,45626.91,1285.05,222.39
42570,oob,0.001,100,100,1000,0,4.5,1177.0,12.0,0.0292470999999999,0.028253,0.001154,-2.1e-05,80457990.2,1328428.2,112975.2
42570,oob,0.01,10,10,100,0,4.5,90.0,14.9,0.0379411999999999,0.0283565,0.009851,8.099999999999999e-05,6151027.5,101574.0,8632.8
42570,oob,0.1,2,2,10,0,4.5,6.0,128.4,0.0968614,0.0350590999999999,0.06877,0.006785,410068.5,6771.6,575.52
42571,oob,0.001,100,100,1000,0,4.5,1301.0,12.0,0.0410003,0.0392206,0.001442,2.8000000000000003e-05,13992389797.3,395319593.3,2216398.7
42571,oob,0.01,10,10,100,0,4.5,90.9,15.0,0.0506733,0.0396753,0.011115,0.000483,977703705.18,27624185.910000004,154931.4
42571,oob,0.1,2,2,10,0,4.5,6.0,126.7,0.1121544,0.0497951,0.0725949999999999,0.010602,64531608.3,1823189.76,10218.18
42572,oob,0.001,100,100,1000,0,4.5,1380.0,12.5,0.0612971,0.0583361999999999,0.001639,3.8e-05,1540848834.8,20109713.2,197855.3
42572,oob,0.01,10,10,100,0,4.5,99.0,14.8,0.0712775,0.0589231999999999,0.011619,0.000624,110482180.29,1432448.1,14191.920000000002
42572,oob,0.1,2,2,10,0,4.5,6.1,126.6,0.1340122,0.0729532,0.074356,0.014654,6812272.860000001,88957.31000000001,874.51
42688,oob,0.001,100,100,1000,0,4.5,101.0,5.1,0.0001224,0.0009249,7.000000000000001e-06,1.3e-05,3568039.8,90489.3,14204.9
42688,oob,0.01,10,10,100,0,4.5,18.0,18.9,0.0001387999999999,0.0009159,2.3e-05,2.9999999999999984e-06,636058.62,16128.179999999998,2530.62
42688,oob,0.1,2,2,10,0,4.5,2.0,159.4,0.0001859,0.0010187999999999,7.1e-05,0.000106,70673.18000000001,1792.02,281.18
42724,oob,0.001,100,100,1000,0,4.5,1329.0,12.0,0.0128141,0.0111468,0.001483,1.1e-05,1300611792.2,5844732.7,491355.8
42724,oob,0.01,10,10,100,0,4.5,99.0,14.7,0.0220824999999999,0.0113262,0.010751,0.000193,96884538.3,435312.9,36595.35
42724,oob,0.1,2,2,10,0,4.5,6.0,128.7,0.087724,0.019443,0.076392,0.008308,5871790.2,26382.6,2217.9
42726,oob,0.001,100,100,1000,0,4.5,779.0,11.9,0.0077772,0.0070944999999999,0.000759,6.999999999999999e-06,7367676.9,354630.7,73548.4
42726,oob,0.01,10,10,100,0,4.5,59.4,16.4,0.0130953999999999,0.007188,0.006076,0.000102,561799.62,27042.93,5603.49
42726,oob,0.1,2,2,10,0,4.5,3.9,135.7,0.0479515,0.0132505,0.040933,0.006163,36885.36,1775.7400000000002,368.01
42727,oob,0.001,100,100,1000,0,4.5,1331.0,12.2,0.0339089,0.0318009,0.001401,-3.0000000000000005e-06,718270998.1,44544415.3,227832.9
42727,oob,0.01,10,10,100,0,4.5,97.2,14.7,0.0435959,0.032185,0.01109,0.000382,52459853.4,3261629.97,16639.2
42727,oob,0.1,2,2,10,0,4.5,6.5,125.0,0.1073412,0.0413642,0.074835,0.009562,3505714.15,215758.07,1110.92
42729,oob,0.001,100,100,1000,0,4.5,351.0,10.4,0.0034549999999999,0.0031174,0.0002929999999999,1.0000000000000002e-06,4711893017.2,127934693.1,1494150.3
42729,oob,0.01,10,10,100,0,4.5,27.0,18.5,0.0054111,0.003212,0.00225,9.9e-05,362450185.65,9841523.49,114930.63
42729,oob,0.1,2,2,10,0,4.5,2.0,159.7,0.0154898,0.0063526,0.012329,0.003241,26848161.9,729001.74,8513.380000000001
42730,oob,0.001,100,100,1000,0,4.5,753.0,11.6,0.0199166,0.0197272,0.000763,-2.4000000000000004e-05,36285761.0,330438.2,60624.4
42730,oob,0.01,10,10,100,0,4.5,57.6,16.6,0.0250097,0.0199983,0.005856,0.000245,2774344.41,25283.25,4636.35
42730,oob,0.1,2,2,10,0,4.5,3.6,139.4,0.0570754,0.0286205,0.037922,0.008871,173397.78,1579.37,290.01
42731,oob,0.001,100,100,1000,0,4.5,1153.0,12.0,0.0077616,0.0061513,0.001267,1.4e-05,146744010.4,2587763.2,263560.8
42731,oob,0.01,10,10,100,0,4.5,81.0,15.0,0.0161678,0.0063281,0.009673,0.0001889999999999,10308977.73,181793.97,18519.84
42731,oob,0.1,2,2,10,0,4.5,6.0,123.3,0.0666386,0.0125905,0.060145,0.006451,763627.9800000001,13466.22,1371.84
43071,oob,0.001,100,100,1000,0,4.5,1513.0,12.3,0.0433037,0.0425184,0.00182,1.6000000000000003e-05,28078205.0,513419.3,109987.7
43071,oob,0.01,10,10,100,0,4.5,109.8,13.9,0.0544089,0.0430112,0.012923,0.000508,2037953.79,37258.65,7978.589999999999
43071,oob,0.1,2,2,10,0,4.5,7.0,123.4,0.128732,0.0553583,0.0872469999999999,0.0128569999999999,130003.51,2375.74,508.81000000000006
8,val,0.001,100,100,1000,0,4.5,204.0,5.7,0.0453025,0.0398015,0.002621,6.199999999999998e-05,258953.7,14782.6,11010.3
8,val,0.01,10,10,100,0,4.5,27.9,18.5,0.0540312,0.0408316,0.011348,0.001091,35437.95,2023.2,1507.41
8,val,0.1,2,2,10,0,4.5,3.0,147.0,0.0867141999999999,0.0492641999999999,0.044031,0.009522,3807.72,217.46,162.05
189,val,0.001,100,100,1000,0,4.5,275.0,9.2,0.0306963,0.0242115,0.0063979999999999,0.000154,7365697.0,91500.4,28855.3
189,val,0.01,10,10,100,0,4.5,35.1,17.6,0.0503475,0.0256849,0.02605,0.001626,940183.83,11678.85,3683.88
189,val,0.1,2,2,10,0,4.5,4.0,135.1,0.1296364,0.0446115,0.1053369999999999,0.020552,107137.36000000002,1331.24,420.16
190,val,0.001,100,100,1000,0,4.5,591.0,4.7,0.1033824,0.1135768,-0.000715,0.000591,576483.2,38247.0,29852.9
190,val,0.01,10,10,100,0,4.5,46.8,15.4,0.1145723999999999,0.1127345999999999,0.010478,-0.0002499999999999,45599.31,3031.38,2368.53
190,val,0.1,2,2,10,0,4.5,3.8,131.4,0.1764946,0.1141032999999999,0.072399,0.0011189999999999,3716.36,245.85,192.18
191,val,0.001,100,100,1000,0,4.5,418.0,4.9,0.0829995,0.0831013,0.0030429999999999,0.000799,775013.7,29869.8,21966.7
191,val,0.01,10,10,100,0,4.5,46.8,16.1,0.0976942,0.0837807,0.017737,0.001478,86831.55,3344.04,2457.99
191,val,0.1,2,2,10,0,4.5,3.7,135.1,0.1658923,0.1024160999999999,0.085935,0.020114,6855.030000000001,264.71,194.8
194,val,0.001,100,100,1000,0,4.5,336.0,6.0,0.0532297,0.0498404999999999,0.002065,0.00016,425378.4,23737.2,17675.1
194,val,0.01,10,10,100,0,4.5,36.9,17.5,0.0631327,0.0520705,0.011968,0.002392,46742.22,2613.78,1944.36
194,val,0.1,2,2,10,0,4.5,2.8,146.9,0.1063225,0.065217,0.0551609999999999,0.015537,3543.47,198.08,147.47
196,val,0.001,100,100,1000,0,4.5,211.0,7.2,0.0171685,0.0143872,0.003769,0.000203,307803.3,15756.7,11409.1
196,val,0.01,10,10,100,0,4.5,29.7,18.2,0.0288499,0.0151271,0.015448,0.0009429999999999,43278.75,2213.46,1602.09
196,val,0.1,2,2,10,0,4.5,3.8,136.7,0.0743851,0.0278461999999999,0.060984,0.013659,5537.49,283.55,205.35
201,val,0.001,100,100,1000,0,4.5,169.0,8.0,0.0079957,0.0022064,0.005573,4.6e-05,5357432.1,60789.5,20149.6
201,val,0.01,10,10,100,0,4.5,27.0,18.9,0.0237571,0.0026661999999999,0.021334,0.000507,855969.6599999999,9711.9,3220.02
201,val,0.1,2,2,10,0,4.5,4.0,134.3,0.0806486999999999,0.0134593,0.0782259999999999,0.0113,126810.32,1438.8,477.04
204,val,0.001,100,100,1000,0,4.5,575.0,5.5,1.0551,1.0488300000000002,0.00922,0.0016359999999999,856252.7,416312.2,19362.2
204,val,0.01,10,10,100,0,4.5,75.6,12.4,1.0927099999999998,1.05972,0.04683,0.0125259999999999,112765.41,54802.89,2553.03
204,val,0.1,2,2,10,0,4.5,7.3,115.6,1.239,1.13389,0.19312,0.086696,10883.55,5290.629999999999,246.35
210,val,0.001,100,100,1000,0,4.5,189.0,6.4,0.0191865,0.0127728999999999,0.0076619999999999,0.000166,194207.1,12627.2,9703.1
210,val,0.01,10,10,100,0,4.5,29.7,18.3,0.0392415,0.0133484,0.027719,0.000741,30520.620000000003,1986.93,1528.29
210,val,0.1,2,2,10,0,4.5,3.7,137.5,0.1236035,0.0254691,0.112079,0.012862,3797.24,247.1,190.1
216,val,0.001,100,100,1000,0,4.5,143.0,7.2,0.0032002,0.0021017,0.001034,3.2000000000000005e-05,8629593.5,95744.5,24089.9
216,val,0.01,10,10,100,0,4.5,18.0,19.2,0.0066888,0.0024176,0.004524,0.000348,1086348.24,12051.18,3031.56
216,val,0.1,2,2,10,0,4.5,2.0,159.1,0.0199142,0.0071403,0.017748,0.00507,120705.36000000002,1339.02,336.84000000000003
227,val,0.001,100,100,1000,0,4.5,185.0,8.0,0.0152824,0.0026117,0.01231,5e-05,5999170.8,56770.8,19975.2
227,val,0.01,10,10,100,0,4.5,36.0,17.0,0.0440786,0.0031605,0.041107,0.0005989999999999,1167424.2,11046.96,3886.56
227,val,0.1,2,2,10,0,4.5,5.0,133.0,0.1647602,0.0203747,0.161787,0.017814,162142.25,1534.3,539.8
231,val,0.001,100,100,1000,0,4.5,560.0,4.5,0.1405459,0.1321762,0.003364,1.100000000000004e-05,673185.9,39007.3,29438.2
231,val,0.01,10,10,100,0,4.5,53.1,15.6,0.1601834999999999,0.1324913,0.023002,0.000326,64092.87,3704.85,2801.34
231,val,0.1,2,2,10,0,4.5,3.3,135.8,0.2561109,0.1610984,0.118931,0.0289329999999999,3985.74,230.54,174.32
287,val,0.001,100,100,1000,0,4.5,179.0,7.9,0.0154434,0.0102968,0.005005,6.5e-05,3573559.4,40438.9,15232.1
287,val,0.01,10,10,100,0,4.5,27.0,18.8,0.0305108999999999,0.0109256,0.020071,0.0006929999999999,539117.1,6099.57,2302.02
287,val,0.1,2,2,10,0,4.5,4.0,135.2,0.0839582,0.0213002,0.073518,0.0110689999999999,79869.2,903.64,341.04
308,val,0.001,100,100,1000,0,4.5,189.0,8.3,0.0144228999999999,0.0076291,0.006665,4.9e-05,19284853.0,67901.7,20271.8
308,val,0.01,10,10,100,0,4.5,27.0,18.2,0.0351773,0.0082966,0.0274179999999999,0.000714,2754264.6,9699.48,2889.54
308,val,0.1,2,2,10,0,4.5,4.0,134.2,0.1079827,0.0221333,0.100224,0.014553,408039.2,1436.96,428.08
315,val,0.001,100,100,1000,0,4.5,208.0,7.8,0.0215075999999999,0.0195195,0.002543,8.7e-05,13997176.0,130876.3,14401.7
315,val,0.01,10,10,100,0,4.5,26.1,18.4,0.0293824,0.0202944,0.010418,0.000861,1755190.53,16450.29,1802.43
315,val,0.1,2,2,10,0,4.5,2.9,146.5,0.0616118,0.0304724999999999,0.042647,0.011037,195089.87,1826.24,200.22
344,val,0.001,100,100,1000,0,4.5,150.0,7.1,0.008139,2.26e-05,0.0078839999999999,1.7e-05,20669710.5,267786.0,45513.0
344,val,0.01,10,10,100,0,4.5,27.0,18.0,0.0283223999999999,0.0004441999999999,0.028069,0.000437,3720547.8900000006,48201.48,8192.34
344,val,0.1,2,2,10,0,4.5,4.0,134.8,0.1044205,0.0136619,0.104166,0.013652,551192.28,7140.960000000001,1213.6799999999998
405,val,0.001,100,100,1000,0,4.5,232.0,8.3,0.0312232,0.0244938,0.006101,0.000183,54071645.5,76677.6,19318.8
405,val,0.01,10,10,100,0,4.5,32.4,17.6,0.0491014,0.0256579,0.0239799999999999,0.0013469999999999,7557274.529999999,10718.37,2704.1400000000003
405,val,0.1,2,2,10,0,4.5,4.0,134.9,0.1183635,0.0408271,0.093242,0.0165169999999999,932898.2,1322.76,333.76
416,val,0.001,100,100,1000,0,4.5,260.0,9.0,0.0430858,0.0391589,0.0038699999999999,0.000218,37630639.0,197960.1,29421.7
416,val,0.01,10,10,100,0,4.5,28.8,18.1,0.0577540999999999,0.040253,0.018537,0.001311,4174997.31,21934.35,3256.65
416,val,0.1,2,2,10,0,4.5,3.7,137.5,0.1112964,0.0532647,0.072079,0.014322,535963.3200000001,2818.94,416.88
422,val,0.001,100,100,1000,0,4.5,193.0,7.6,0.0449002,0.0403132,0.004501,0.000141,194555848.1,152452.3,22100.7
422,val,0.01,10,10,100,0,4.5,28.8,18.1,0.0587535,0.0413441,0.018352,0.001171,29029255.110000003,22708.53,3269.25
422,val,0.1,2,2,10,0,4.5,3.7,138.1,0.1124223999999999,0.0538354,0.072022,0.0136619999999999,3731924.16,2919.94,422.81000000000006
482,val,0.001,100,100,1000,0,4.5,134.0,6.3,0.0020848,0.0015813,0.00028,4.5e-05,204668.7,10336.3,7274.5
482,val,0.01,10,10,100,0,4.5,18.0,18.9,0.002858,0.0016014,0.001055,6.6e-05,27521.46,1390.5,979.92
482,val,0.1,2,2,10,0,4.5,2.0,160.8,0.0064544,0.0023761,0.004649,0.000842,3057.94,154.5,108.88
503,val,0.001,100,100,1000,0,4.5,184.0,8.2,0.0138138,0.008961,0.004562,7.2e-05,5289998.4,51454.9,17166.0
503,val,0.01,10,10,100,0,4.5,27.0,18.1,0.0274536999999999,0.0095685,0.018202,0.000678,776211.39,7551.089999999999,2518.56
503,val,0.1,2,2,10,0,4.5,3.5,139.4,0.0804607,0.0212996999999999,0.07121,0.01241,100621.2,978.55,326.6
505,val,0.001,100,100,1000,0,4.5,175.0,8.1,0.0082669,0.0017393,0.006637,4.4e-05,684010.5,13367.5,9380.4
505,val,0.01,10,10,100,0,4.5,27.0,18.4,0.0278148999999999,0.0023117,0.026185,0.000615,105537.33,2061.18,1447.74
505,val,0.1,2,2,10,0,4.5,4.0,135.3,0.098579,0.0135391,0.096949,0.011841,15635.16,305.36,214.48
507,val,0.001,100,100,1000,0,4.5,207.0,7.8,0.0314547,0.0250585,0.006251,0.00017,1410973.3,32318.3,15120.5
507,val,0.01,10,10,100,0,4.5,31.5,17.8,0.0499653,0.0259375,0.024762,0.001047,214840.98,4918.68,2313.0
507,val,0.1,2,2,10,0,4.5,4.0,134.3,0.1254888,0.0424344,0.100285,0.0175449999999999,27280.32,624.8399999999999,293.68
509,val,0.001,100,100,1000,0,4.5,188.0,7.0,0.0386575,0.0202869,0.0161019999999999,-4.8e-05,282081.4,13736.4,10075.5
509,val,0.01,10,10,100,0,4.5,33.3,17.8,0.0791563,0.0209531,0.0565979999999999,0.000619,49937.4,2433.78,1783.89
509,val,0.1,2,2,10,0,4.5,5.1,128.8,0.2243502,0.040532,0.2017939999999999,0.020198,7649.19,372.88,273.48
511,val,0.001,100,100,1000,0,4.5,221.0,7.7,0.0230232,0.0197716,0.002767,-0.00012,374742.8,16298.6,12001.9
511,val,0.01,10,10,100,0,4.5,25.2,18.8,0.036921,0.0197243,0.016663,-0.000166,42621.57,1851.75,1362.87
511,val,0.1,2,2,10,0,4.5,3.1,142.3,0.0836532,0.0288874,0.063399,0.008995,5251.45,228.14,167.95
512,val,0.001,100,100,1000,0,4.5,164.0,7.3,0.0337347,0.0225843999999999,0.010529,1e-05,182229.0,14300.2,10138.1
512,val,0.01,10,10,100,0,4.5,27.0,18.7,0.0621952999999999,0.0232085,0.03899,0.000634,29989.98,2356.02,1669.14
512,val,0.1,2,2,10,0,4.5,4.8,133.7,0.1541177,0.0365579,0.130913,0.013984,5331.65,418.78,296.62
531,val,0.001,100,100,1000,0,4.5,189.0,7.4,0.0157567,0.009975,0.006219,6.1000000000000005e-05,391041.2,14867.8,10296.3
531,val,0.01,10,10,100,0,4.5,28.8,18.0,0.0334814,0.0107491,0.023944,0.000837,59570.91,2265.93,1569.42
531,val,0.1,2,2,10,0,4.5,4.0,134.3,0.1004753,0.023679,0.09094,0.013767,8273.960000000001,314.48,217.8
536,val,0.001,100,100,1000,0,4.5,128.0,6.2,0.0009514999999999,0.0003865,0.000307,3.0000000000000005e-06,207340.9,10012.6,6938.6
536,val,0.01,10,10,100,0,4.5,18.0,19.0,0.0018236,0.0005756,0.001181,0.000194,29115.0,1409.4,977.4
536,val,0.1,2,2,10,0,4.5,2.0,160.7,0.0045259,0.0015620999999999,0.003881,0.00118,3235.0,156.6,108.6
541,val,0.001,100,100,1000,0,4.5,179.0,8.0,0.0094403,0.0061689,0.002763,1.2999999999999996e-05,445732.7,17691.5,10627.3
541,val,0.01,10,10,100,0,4.5,25.2,18.5,0.018078,0.0066787,0.011399,0.000522,62775.0,2490.66,1496.34
541,val,0.1,2,2,10,0,4.5,3.0,145.5,0.0528402,0.0150444,0.046164,0.00889,7471.92,296.4,178.11
546,val,0.001,100,100,1000,0,4.5,214.0,7.9,0.0255166,0.020785,0.005199,0.000156,325374.9,17100.3,11926.3
546,val,0.01,10,10,100,0,4.5,30.6,17.9,0.0413771,0.0216925,0.021058,0.001063,46583.82,2448.9,1706.58
546,val,0.1,2,2,10,0,4.5,4.0,132.9,0.1036748999999999,0.035252,0.083357,0.014623,6087.4800000000005,319.96,222.96
547,val,0.001,100,100,1000,0,4.5,241.0,6.6,0.0395582,0.0347318999999999,0.006036,0.000214,401425.9,18761.6,13058.1
547,val,0.01,10,10,100,0,4.5,29.7,17.8,0.0595157,0.0357242,0.025994,0.001206,49490.37,2312.82,1609.02
547,val,0.1,2,2,10,0,4.5,4.0,133.1,0.1306887,0.0495431999999999,0.097165,0.0150269999999999,6663.13,311.53000000000003,216.58
549,val,0.001,100,100,1000,0,4.5,218.0,6.3,0.0398484,0.0358570999999999,0.003574,0.000255,352736.1,17827.0,12271.0
549,val,0.01,10,10,100,0,4.5,28.8,18.2,0.0532271,0.0374902,0.016951,0.001889,46618.83,2360.07,1627.65
549,val,0.1,2,2,10,0,4.5,3.2,143.0,0.1087542,0.0520671,0.072479,0.016465,5179.6,262.09000000000003,180.57
550,val,0.001,100,100,1000,0,4.5,154.0,6.7,0.0326756,0.0336736,0.001006,0.000224,597865.1,19284.8,10123.8
550,val,0.01,10,10,100,0,4.5,20.7,19.1,0.036634,0.0342629,0.004965,0.0008139999999999,80297.81999999999,2591.55,1362.24
550,val,0.1,2,2,10,0,4.5,2.0,163.0,0.0513683,0.0399196,0.019701,0.00647,7771.0,250.64,131.52
558,val,0.001,100,100,1000,0,4.5,290.0,9.4,0.0516871,0.0477599,0.004442,0.000206,28524167.6,100472.7,34217.1
558,val,0.01,10,10,100,0,4.5,35.1,17.2,0.0669788,0.0493751,0.019731,0.00182,3453407.19,12160.44,4140.54
558,val,0.1,2,2,10,0,4.5,4.0,133.0,0.1262395,0.0648813,0.078991,0.017325,393537.52,1386.16,473.44
560,val,0.001,100,100,1000,0,4.5,167.0,7.6,0.0101749,0.0011505999999999,0.008238,1.9e-05,237149.5,11821.9,8780.0
560,val,0.01,10,10,100,0,4.5,27.0,18.3,0.0331865,0.0015425999999999,0.031249,0.000413,38352.96,1911.33,1418.58
560,val,0.1,2,2,10,0,4.5,4.0,135.7,0.1157442,0.0147080999999999,0.1138079999999999,0.013578,5681.92,283.16,210.16
564,val,0.001,100,100,1000,0,4.5,184.0,8.1,0.0108025,0.0040453,0.0065299999999999,6.8e-05,33694589.9,352394.0,55225.3
564,val,0.01,10,10,100,0,4.5,27.0,18.3,0.0306964,0.0047402,0.026422,0.000763,4944067.74,51708.51,8106.75
564,val,0.1,2,2,10,0,4.5,4.0,134.4,0.1003865,0.0180617,0.096112,0.014082,732454.48,7660.519999999999,1201.0
574,val,0.001,100,100,1000,0,4.5,188.0,8.4,0.0131189,0.0113785999999999,0.001614,0.000106,32038967.3,189019.4,39473.9
574,val,0.01,10,10,100,0,4.5,25.2,18.5,0.0181035,0.011955,0.006597,0.000682,4294273.68,25332.57,5309.1900000000005
574,val,0.1,2,2,10,0,4.5,2.0,163.1,0.041204,0.0207513,0.0297009999999999,0.009478,340855.86,2010.38,418.2600000000001
673,val,0.001,100,100,1000,0,4.5,338.0,5.7,0.0930646,0.0876946,0.003714,0.000584,549679.4,25107.9,18338.0
673,val,0.01,10,10,100,0,4.5,37.8,17.1,0.1110217999999999,0.0883149,0.02167,0.0012029999999999,61421.130000000005,2805.3900000000003,2048.13
673,val,0.1,2,2,10,0,4.5,4.1,133.6,0.1825825,0.1061509,0.093232,0.019039,6660.289999999999,303.97,221.7
3050,val,0.001,100,100,1000,0,4.5,234.0,8.2,0.0288235,0.0225736,0.005333,9.5e-05,78576886.4,212162.0,22901.3
3050,val,0.01,10,10,100,0,4.5,31.5,17.8,0.0464016,0.0236622,0.022909,0.0011849999999999,10580525.46,28514.79,3065.2200000000003
3050,val,0.1,2,2,10,0,4.5,4.0,132.7,0.1143229,0.0379361,0.090832,0.0154569999999999,1341191.76,3628.56,390.08
3277,val,0.001,100,100,1000,0,4.5,233.0,8.2,0.0396518,0.0344359,0.005706,0.000265,81704298.7,208377.2,21122.1
3277,val,0.01,10,10,100,0,4.5,32.4,17.7,0.0584009,0.0357195,0.024454,0.001549,11352444.39,28904.49,2923.92
3277,val,0.1,2,2,10,0,4.5,4.0,134.7,0.1330191,0.0518976,0.099073,0.017727,1402920.08,3568.88,360.2
4549,val,0.001,100,100,1000,0,4.5,110.0,5.1,0.0009029999999999,0.0005396999999999,0.000337,9e-06,1932009512.4,7804002.8,398944.7
4549,val,0.01,10,10,100,0,4.5,18.0,19.3,0.001895,0.0005947,0.001328,6.1e-05,316147011.12,1277018.64,65281.86
4549,val,0.1,2,2,10,0,4.5,2.0,163.9,0.0060332,0.0019486,0.005467,0.001414,35127445.68,141890.96000000002,7253.539999999999
41021,val,0.001,100,100,1000,0,4.5,230.0,8.5,0.0334527,0.0020912,0.030715,4.5e-05,1038643.4,25614.6,13931.5
41021,val,0.01,10,10,100,0,4.5,44.1,14.9,0.1066646999999999,0.0030315,0.103926,0.000985,199151.64,4911.030000000001,2669.94
41021,val,0.1,2,2,10,0,4.5,7.0,113.9,0.3921166,0.0303888,0.389378,0.028342,31609.480000000003,779.52,423.78
41540,val,0.001,100,100,1000,0,4.5,166.0,7.9,0.0385359,0.0314934,0.00703,4e-05,35409460.2,1411997.5,182218.5
41540,val,0.01,10,10,100,0,4.5,27.0,18.2,0.0594305,0.0320165,0.027922,0.0005629999999999,5759425.35,229662.27,29599.56
41540,val,0.1,2,2,10,0,4.5,4.0,135.4,0.1364824,0.0454590999999999,0.104975,0.014005,853248.2,34024.04,4385.12
41928,val,0.001,100,100,1000,0,4.5,270.0,6.1,0.0820753999999999,0.0759046,0.00753,0.000271,1894157.2,35867.5,18948.9
41928,val,0.01,10,10,100,0,4.5,39.6,17.0,0.1046616,0.0775749,0.030115,0.001942,278110.98,5261.31,2783.79
41928,val,0.1,2,2,10,0,4.5,4.5,130.6,0.2042996,0.0983861,0.1297539999999999,0.022754,31607.45,598.0600000000001,316.36
41980,val,0.001,100,100,1000,0,4.5,227.0,8.7,0.0295725,0.0179601,0.011487,0.000125,13426522.3,58590.9,18508.7
41980,val,0.01,10,10,100,0,4.5,32.4,17.8,0.0654401999999999,0.0187678,0.0473549999999999,0.000933,1911625.83,8357.4,2640.78
41980,val,0.1,2,2,10,0,4.5,5.0,132.6,0.1886839,0.03689,0.1706,0.019056,295035.15,1289.85,407.65
42225,val,0.001,100,100,1000,0,4.5,131.0,7.0,0.0035862,0.0011829,0.0023179999999999,2e-05,18789289.1,343362.9,57192.4
42225,val,0.01,10,10,100,0,4.5,18.0,20.9,0.0113823,0.0014857,0.010115,0.000322,2581778.88,47179.8,7852.860000000001
42225,val,0.1,2,2,10,0,4.5,3.0,144.5,0.0346558,0.0071256,0.033389,0.0059609999999999,430296.48,7863.3,1308.81
42563,val,0.001,100,100,1000,0,4.5,140.0,7.0,0.0038743,0.0018208999999999,0.001914,3.5e-05,2128618.0,23377.4,8696.6
42563,val,0.01,10,10,100,0,4.5,18.0,20.3,0.0102696,0.002172,0.00831,0.000385,273761.46,3006.54,1116.36
42563,val,0.1,2,2,10,0,4.5,2.9,146.2,0.0300424,0.007094,0.028082,0.005307,44108.41,484.36,179.88
42570,val,0.001,100,100,1000,0,4.5,160.0,6.8,0.0345067,0.0282837999999999,0.006414,8e-06,10936975.3,93656.1,12500.2
42570,val,0.01,10,10,100,0,4.5,27.9,18.0,0.051785,0.0289164,0.023694,0.000641,1907817.84,16335.09,2189.34
42570,val,0.1,2,2,10,0,4.5,4.0,135.4,0.1174793999999999,0.0408949,0.089388,0.012622,273379.0,2342.08,313.4
42571,val,0.001,100,100,1000,0,4.5,275.0,9.8,0.0444763,0.0393347999999999,0.0049169999999999,0.000142,2957740098.5,34817408.9,549646.1
42571,val,0.01,10,10,100,0,4.5,36.0,17.4,0.0611392,0.0405136,0.02158,0.00132,387189649.8,4558638.6,72095.04000000001
42571,val,0.1,2,2,10,0,4.5,4.0,134.6,0.1326362,0.0566076,0.093077,0.017414,43021072.2,506515.4,8010.56
42572,val,0.001,100,100,1000,0,4.5,271.0,8.0,0.065639,0.0585546,0.00598,0.000254,302320699.8,1405710.2,29955.3
42572,val,0.01,10,10,100,0,4.5,35.1,17.5,0.0838526,0.0606235,0.024196,0.002324,39163604.58,181987.29,3906.99
42572,val,0.1,2,2,10,0,4.5,4.0,134.4,0.1552376,0.0807838,0.09558,0.022484,4465251.720000001,20748.08,443.96
42688,val,0.001,100,100,1000,0,4.5,104.0,5.3,0.0001220999999999,0.0009236,7.000000000000001e-06,1.1e-05,3672347.1,50221.8,12489.4
42688,val,0.01,10,10,100,0,4.5,18.0,19.2,0.0001387999999999,0.0009159,2.3e-05,2.9999999999999984e-06,636058.62,8693.1,2161.08
42688,val,0.1,2,2,10,0,4.5,2.0,162.4,0.0001859,0.0010187999999999,7.1e-05,0.000106,70673.18000000001,965.9,240.12
42724,val,0.001,100,100,1000,0,4.5,200.0,8.4,0.0177589,0.0112207,0.0064259999999999,8.6e-05,195724386.4,493777.3,62892.7
42724,val,0.01,10,10,100,0,4.5,27.0,18.0,0.0386873,0.0121092,0.027356,0.000974,26423055.9,66660.84,8501.76
42724,val,0.1,2,2,10,0,4.5,4.0,133.8,0.1098695,0.0261029,0.098537,0.014967,3914526.8,9875.68,1259.52
42726,val,0.001,100,100,1000,0,4.5,151.0,7.1,0.0100282,0.0071145,0.00301,2.7e-05,1428436.0,27962.5,12109.5
42726,val,0.01,10,10,100,0,4.5,24.3,18.7,0.0190627999999999,0.0074525999999999,0.012044,0.000366,229804.38,4505.31,1947.69
42726,val,0.1,2,2,10,0,4.5,3.0,144.8,0.0549222,0.0158892,0.047906,0.008802,28370.640000000003,556.08,240.36
42727,val,0.001,100,100,1000,0,4.5,264.0,8.8,0.037901,0.0319012,0.005395,9.7e-05,142491518.0,3731954.9,37685.3
42727,val,0.01,10,10,100,0,4.5,30.6,17.7,0.058562,0.0333189,0.026054,0.001515,16472456.55,421454.43,4384.62
42727,val,0.1,2,2,10,0,4.5,4.0,134.2,0.1336092,0.0493115,0.101104,0.017508,2158562.64,56528.72,576.04
42729,val,0.001,100,100,1000,0,4.5,120.0,6.0,0.0038818,0.0031271,0.000722,1.4e-05,1610889714.0,19225789.2,437095.2
42729,val,0.01,10,10,100,0,4.5,18.0,18.8,0.0061795999999999,0.003284,0.00302,0.00017,241633457.1,2883868.38,65564.28
42729,val,0.1,2,2,10,0,4.5,2.0,161.1,0.0154898,0.0063526,0.012329,0.003241,26848161.9,320429.82,7284.92
42730,val,0.001,100,100,1000,0,4.5,196.0,7.6,0.0216291999999999,0.0198602,0.002475,0.0001099999999999,9441064.0,31009.0,12800.8
42730,val,0.01,10,10,100,0,4.5,27.0,18.6,0.0295059,0.0204123,0.010351,0.000662,1301337.54,4269.87,1772.73
42730,val,0.1,2,2,10,0,4.5,2.9,142.5,0.0621088,0.0306892999999999,0.042955,0.010939,139671.12999999998,458.81000000000006,189.89
42731,val,0.001,100,100,1000,0,4.5,186.0,8.3,0.0117489999999999,0.0062136,0.005253,7.300000000000001e-05,23674354.4,225032.7,36956.2
42731,val,0.01,10,10,100,0,4.5,27.0,18.2,0.0278187,0.0068494,0.021324,0.00071,3436325.91,32664.33,5366.79
42731,val,0.1,2,2,10,0,4.5,4.0,135.5,0.0845142,0.0179069,0.07802,0.011769,509085.32,4839.16,795.08
43071,val,0.001,100,100,1000,0,4.5,233.0,6.1,0.0493489,0.0427219999999999,0.007863,0.000217,4324539.4,27491.2,14064.1
43071,val,0.01,10,10,100,0,4.5,38.7,17.0,0.0696585,0.0439513,0.028173,0.001447,717952.5,4569.21,2339.73
43071,val,0.1,2,2,10,0,4.5,4.6,130.4,0.1560028,0.0623786999999999,0.114517,0.0198759999999999,85436.34,543.26,277.96
